path,baseline_sha256,returned_sha256,unchanged
quotecore-plus/.env.e2e.example,fae56c976c234af9596418b12ac9827d6a73c1665a2118b977a8ea9e97c944ce,fae56c976c234af9596418b12ac9827d6a73c1665a2118b977a8ea9e97c944ce,True
quotecore-plus/eslint.config.mjs,b23e44ff4ccd25157fa8f048af7c0f637210d4e31f1e94f716498912c0f8b734,b23e44ff4ccd25157fa8f048af7c0f637210d4e31f1e94f716498912c0f8b734,True
quotecore-plus/middleware.ts,0bc6f30f650ab5d861ffdf9a1e273a280a77943be7522dc1a10e11a052a6ba7c,0bc6f30f650ab5d861ffdf9a1e273a280a77943be7522dc1a10e11a052a6ba7c,True
quotecore-plus/next.config.ts,7048e667c21ae433abb61c3b153b11d94defdae4601efacf7b90b08184363f20,7048e667c21ae433abb61c3b153b11d94defdae4601efacf7b90b08184363f20,True
quotecore-plus/package-lock.json,3d58d7afa0aa4232c6bf1ccf358cb37f946f20f33fcae3b404888ecd00bfd777,3d58d7afa0aa4232c6bf1ccf358cb37f946f20f33fcae3b404888ecd00bfd777,True
quotecore-plus/package.json,a29f3301efc2a42bd219b983b6fc879d7cf08b0f628375751fcfe0fb7f1be817,a29f3301efc2a42bd219b983b6fc879d7cf08b0f628375751fcfe0fb7f1be817,True
quotecore-plus/playwright.config.ts,af5ad6932a61978bb6dd2725e579cc55fb146dfe0ae5b2ca5eb653ceeeb9c82d,af5ad6932a61978bb6dd2725e579cc55fb146dfe0ae5b2ca5eb653ceeeb9c82d,True
quotecore-plus/playwright.touch.config.ts,42e33d64f663ef113e81cb429713f62095c6fe35ed9714b34bd10487cc2ceaf6,42e33d64f663ef113e81cb429713f62095c6fe35ed9714b34bd10487cc2ceaf6,True
quotecore-plus/postcss.config.mjs,7b299d3d3b16699ddda397c0b2373b3af4f25f8fc9ccc9b3d9e64ef083bc1c21,7b299d3d3b16699ddda397c0b2373b3af4f25f8fc9ccc9b3d9e64ef083bc1c21,True
quotecore-plus/tsconfig.json,deb9c57b46e0d61842d2cf708feaec21c3dd7532ed3c724ce27756ef4e14698c,deb9c57b46e0d61842d2cf708feaec21c3dd7532ed3c724ce27756ef4e14698c,True
quotecore-plus/vercel.json,d71a7f70b181c908bca28c206d6c8ec5b22e9e1c4be4392894ffc3b1adb3764d,d71a7f70b181c908bca28c206d6c8ec5b22e9e1c4be4392894ffc3b1adb3764d,True
quotecore-plus/app/actions.ts,374a127e072f56e56de8f53aab28168f75236878a7ee39a9df090cb69a9f839f,374a127e072f56e56de8f53aab28168f75236878a7ee39a9df090cb69a9f839f,True
quotecore-plus/app/(auth)/onboarding/actions.ts,7688380693bd794b46738c79d2c00dca8a2c6f2addcf43072626b52ba2ab025a,7688380693bd794b46738c79d2c00dca8a2c6f2addcf43072626b52ba2ab025a,True
quotecore-plus/app/(auth)/[workspaceSlug]/account/actions.ts,0b7df0c944ff2ef73be54cd43c2c813247d49820c923175d8486fcbffec4e138,0b7df0c944ff2ef73be54cd43c2c813247d49820c923175d8486fcbffec4e138,True
quotecore-plus/app/(auth)/[workspaceSlug]/account/billing/actions.ts,15ce79863b243f7c0909dfc30d3d2553073bea6dbaf54586fa6a1ae5fecb95e7,15ce79863b243f7c0909dfc30d3d2553073bea6dbaf54586fa6a1ae5fecb95e7,True
quotecore-plus/app/(auth)/[workspaceSlug]/account/integrations/actions.ts,108f1ee921b80ecf8394132eee7a5d13f498e90469dd434a1b2ff8f64ad40b1f,108f1ee921b80ecf8394132eee7a5d13f498e90469dd434a1b2ff8f64ad40b1f,True
quotecore-plus/app/(auth)/[workspaceSlug]/account/smart-assistant/actions.ts,6ebf22dd4fb3f9e587bb1383648973163a9baa6430b8eed51e50d5bece2c5769,6ebf22dd4fb3f9e587bb1383648973163a9baa6430b8eed51e50d5bece2c5769,True
quotecore-plus/app/(auth)/[workspaceSlug]/account/support/actions.ts,8ccbf43ae3aa3d006aeec3a91de5ed8b11e4ac872fc0e2d70d0d960c3f3b876b,8ccbf43ae3aa3d006aeec3a91de5ed8b11e4ac872fc0e2d70d0d960c3f3b876b,True
quotecore-plus/app/(auth)/[workspaceSlug]/assistant/actions.ts,a7189b4b312852c4839a4444844d7127f52bc62d21a9d617dce5456623c86e8a,a7189b4b312852c4839a4444844d7127f52bc62d21a9d617dce5456623c86e8a,True
quotecore-plus/app/(auth)/[workspaceSlug]/attachments/actions.ts,00fb9197f5093ae84f2ff6f3d285ebd90f864c599883eeaafd2988e39a0f140c,00fb9197f5093ae84f2ff6f3d285ebd90f864c599883eeaafd2988e39a0f140c,True
quotecore-plus/app/(auth)/[workspaceSlug]/catalogs/actions.ts,db1e512c34de92a26d41fa0c5f8ee1e1f80f24678430dcab1f1f0b69aad345b4,db1e512c34de92a26d41fa0c5f8ee1e1f80f24678430dcab1f1f0b69aad345b4,True
quotecore-plus/app/(auth)/[workspaceSlug]/components/actions.ts,5029a72175469549efbd5941cfa9dccd17532cbf94a663899cd9d321f9213368,5029a72175469549efbd5941cfa9dccd17532cbf94a663899cd9d321f9213368,True
quotecore-plus/app/(auth)/[workspaceSlug]/components/catalog-actions.ts,e7fa3d5ec4fe2e24828bef887b1a64af3da433d76ad7a01a5ca1478d617ab4c5,e7fa3d5ec4fe2e24828bef887b1a64af3da433d76ad7a01a5ca1478d617ab4c5,True
quotecore-plus/app/(auth)/[workspaceSlug]/customer-quote-templates/create/build/actions.ts,55d2f5a0fa071487ae97afbdbe5174576fe1ea415f59d680cbee572384855b81,55d2f5a0fa071487ae97afbdbe5174576fe1ea415f59d680cbee572384855b81,True
quotecore-plus/app/(auth)/[workspaceSlug]/customer-quote-templates/save-from-quote/actions.ts,762ded466b3c917994d5a522845c8c5af97633f7ad6c6d10ba2a1ab52f30a29a,762ded466b3c917994d5a522845c8c5af97633f7ad6c6d10ba2a1ab52f30a29a,True
quotecore-plus/app/(auth)/[workspaceSlug]/customer-quote-templates/[templateId]/edit/actions.ts,6bacae616d3dd46498cb67fdc4e89b388e480b3c0c11e6aae0bbec53f68a1f7b,6bacae616d3dd46498cb67fdc4e89b388e480b3c0c11e6aae0bbec53f68a1f7b,True
quotecore-plus/app/(auth)/[workspaceSlug]/drawings/actions.ts,2d0bc58e83b23b20ab9c523be62689947629e60e1fb03f30c586675eb51bc14c,2d0bc58e83b23b20ab9c523be62689947629e60e1fb03f30c586675eb51bc14c,True
quotecore-plus/app/(auth)/[workspaceSlug]/inbox/settings-actions.ts,abe74ab9a4107b66694b48916912c93f501a2358754368c60893d3947f470f70,abe74ab9a4107b66694b48916912c93f501a2358754368c60893d3947f470f70,True
quotecore-plus/app/(auth)/[workspaceSlug]/invoices/actions-bulk.ts,26c9c4bcce749f763537b43f6bc0f452d8e70817acad5a42f9692c3dd0a7672c,26c9c4bcce749f763537b43f6bc0f452d8e70817acad5a42f9692c3dd0a7672c,True
quotecore-plus/app/(auth)/[workspaceSlug]/invoices/actions.ts,e62fb4b4fd28a8fc5ef99773e12fe6881307b21bce866b7455f98ba6c8590f86,e62fb4b4fd28a8fc5ef99773e12fe6881307b21bce866b7455f98ba6c8590f86,True
quotecore-plus/app/(auth)/[workspaceSlug]/invoices/template-actions.ts,4b47f118472a5064165b95ec05a88cba8cec08ef0f33f33e63989d256afc1896,4b47f118472a5064165b95ec05a88cba8cec08ef0f33f33e63989d256afc1896,True
quotecore-plus/app/(auth)/[workspaceSlug]/material-orders/actions-bulk.ts,dd6a9fec4e7fb6161f0b7969c58a55559b894960ec2d75eb134d10cef09d51f1,dd6a9fec4e7fb6161f0b7969c58a55559b894960ec2d75eb134d10cef09d51f1,True
quotecore-plus/app/(auth)/[workspaceSlug]/material-orders/order-list-actions.ts,edd0c5e7f168b3b035f27aab52f37deb620b87539fc0966be4ff7294cb904921,edd0c5e7f168b3b035f27aab52f37deb620b87539fc0966be4ff7294cb904921,True
quotecore-plus/app/(auth)/[workspaceSlug]/material-orders/template-actions.ts,ba85320f925545109e018ecc6d685407b035823251af1f03ad79490b39cc042a,ba85320f925545109e018ecc6d685407b035823251af1f03ad79490b39cc042a,True
quotecore-plus/app/(auth)/[workspaceSlug]/material-orders/create/order-actions.ts,a605f10fea5b59cd5ddce84dc483f42f77fd5a92c5f4360c01a9f3c79db03c70,a605f10fea5b59cd5ddce84dc483f42f77fd5a92c5f4360c01a9f3c79db03c70,True
quotecore-plus/app/(auth)/[workspaceSlug]/material-orders/create/order-loader.ts,3248b697ad6cc0a3e8d89893c5c40e7fa785806d69f454302dbcab6eb9455ae8,3248b697ad6cc0a3e8d89893c5c40e7fa785806d69f454302dbcab6eb9455ae8,True
quotecore-plus/app/(auth)/[workspaceSlug]/material-orders/create/quote-lbl-loader.ts,3e78145de07a1312e3ef83e8e2256a652b70d4ee7a75a242e020872689c7653a,3e78145de07a1312e3ef83e8e2256a652b70d4ee7a75a242e020872689c7653a,True
quotecore-plus/app/(auth)/[workspaceSlug]/material-orders/create/quote-loader.ts,67f80c6cfb0e3cb55ba957f587105f15bc52b8459873ac25309fc474391751ec,67f80c6cfb0e3cb55ba957f587105f15bc52b8459873ac25309fc474391751ec,True
quotecore-plus/app/(auth)/[workspaceSlug]/material-orders/create/test-query.ts,a33e8c9270d270c3704853d5012a6401bd2b4922f5dd3f7de0436496c0d314bb,a33e8c9270d270c3704853d5012a6401bd2b4922f5dd3f7de0436496c0d314bb,True
quotecore-plus/app/(auth)/[workspaceSlug]/material-orders/[orderId]/preview/supplier-link-actions.ts,aa034c4a4e01f8c0feada9eb1dc2b0d8c4f00b989801fb8a8559d40b230d8da3,aa034c4a4e01f8c0feada9eb1dc2b0d8c4f00b989801fb8a8559d40b230d8da3,True
quotecore-plus/app/(auth)/[workspaceSlug]/quotes/actions-bulk.ts,51154bef7ca027dd721a43c1ebfa7182cff0e4f8706ba8323e611f94c493b994,51154bef7ca027dd721a43c1ebfa7182cff0e4f8706ba8323e611f94c493b994,True
quotecore-plus/app/(auth)/[workspaceSlug]/quotes/actions.ts,993f4bb791e2f024a66450a5c9b0530b958bd06042fa9b9b7b13e8ddca6c1135,993f4bb791e2f024a66450a5c9b0530b958bd06042fa9b9b7b13e8ddca6c1135,True
quotecore-plus/app/(auth)/[workspaceSlug]/quotes/new/actions.ts,981b56bdb217d6fe1d0c55a23d53f0b202a86b29934f18fd6b4850b056bb0bae,981b56bdb217d6fe1d0c55a23d53f0b202a86b29934f18fd6b4850b056bb0bae,True
quotecore-plus/app/(auth)/[workspaceSlug]/quotes/[id]/actions-files.ts,e8f2800a84518ce5fc2626640eeb934a8c6ac62edeb6350ed307c6000e8c558c,e8f2800a84518ce5fc2626640eeb934a8c6ac62edeb6350ed307c6000e8c558c,True
quotecore-plus/app/(auth)/[workspaceSlug]/quotes/[id]/calc-audit/actions.ts,6d5ecbdb1804576c4e399e3ff473b3dde06b07c68930fc9d83c50396f1a95901,6d5ecbdb1804576c4e399e3ff473b3dde06b07c68930fc9d83c50396f1a95901,True
quotecore-plus/app/(auth)/[workspaceSlug]/quotes/[id]/labor-sheet/actions.ts,b134e251daaa5660621eb64459dcbfd0e09c68d2d0debf0247d36d22ff536787,b134e251daaa5660621eb64459dcbfd0e09c68d2d0debf0247d36d22ff536787,True
quotecore-plus/app/(auth)/[workspaceSlug]/quotes/[id]/summary/quote-notes-actions.ts,37779f26d6d8fb643067ec26338e143ce7d2055420feadd864673b2b57bd8640,37779f26d6d8fb643067ec26338e143ce7d2055420feadd864673b2b57bd8640,True
quotecore-plus/app/(auth)/[workspaceSlug]/quotes/[id]/summary/sent-message-delete-actions.ts,da1653e069b04f5a604411f0bf8b2b4dd2198e2652c222d0378213bd0e65aad1,da1653e069b04f5a604411f0bf8b2b4dd2198e2652c222d0378213bd0e65aad1,True
quotecore-plus/app/(auth)/[workspaceSlug]/quotes/[id]/takeoff/actions.ts,29be9b807ade0a9da820cd1edb3285eacf53c3774d92d92bbb21fae82d10ba23,29be9b807ade0a9da820cd1edb3285eacf53c3774d92d92bbb21fae82d10ba23,True
quotecore-plus/app/(auth)/[workspaceSlug]/quotes/[id]/takeoff/uploadCanvasImage.ts,4723cdcada7163302d037e8d24fc22c8961a72daad9be59663c99218be474aec,4723cdcada7163302d037e8d24fc22c8961a72daad9be59663c99218be474aec,True
quotecore-plus/app/(auth)/[workspaceSlug]/resources/actions.ts,3daea13562093cafd58ece614e063605fa584bbde6df5fa6a5ccf20c21d3b7db,3daea13562093cafd58ece614e063605fa584bbde6df5fa6a5ccf20c21d3b7db,True
quotecore-plus/app/(auth)/[workspaceSlug]/resources/email-actions.ts,d23cc2ad2952d16d282a72bad61520f9f0445cb853072a5406df5ac48180d4b0,d23cc2ad2952d16d282a72bad61520f9f0445cb853072a5406df5ac48180d4b0,True
quotecore-plus/app/(auth)/[workspaceSlug]/settings/actions.ts,71b2f6ba8f60b7c9569cd78c226f829b69754378b6b60aa500ffca713929fbb6,71b2f6ba8f60b7c9569cd78c226f829b69754378b6b60aa500ffca713929fbb6,True
quotecore-plus/app/(auth)/[workspaceSlug]/settings/email-change-actions.ts,d038c51646d3442b297f6d7bd54617795b09c1d7f6ec8924b262bfc2cfd988b5,d038c51646d3442b297f6d7bd54617795b09c1d7f6ec8924b262bfc2cfd988b5,True
quotecore-plus/app/(auth)/[workspaceSlug]/settings/mfa-actions.ts,e484dad3383d029941ba4693c56d73ee0672b914910be144ea91c30d2ebbcb3f,e484dad3383d029941ba4693c56d73ee0672b914910be144ea91c30d2ebbcb3f,True
quotecore-plus/app/(auth)/[workspaceSlug]/settings/payment-details-actions.ts,8af78152dacfd08ee912d4850f705fda339e1a860903f9ac679fb28ba5cbd40c,8af78152dacfd08ee912d4850f705fda339e1a860903f9ac679fb28ba5cbd40c,True
quotecore-plus/app/(auth)/[workspaceSlug]/settings/recovery-actions.ts,a590b943361e5f2310db781e340fa75f1d6f8852eb30edbc875efb853d4190f5,a590b943361e5f2310db781e340fa75f1d6f8852eb30edbc875efb853d4190f5,True
quotecore-plus/app/(auth)/[workspaceSlug]/settings/security-questions-actions.ts,74be4b0e71d1b090aa1b3b41a7df7e84ec40edb41bf5946932e058a4af64d3a6,74be4b0e71d1b090aa1b3b41a7df7e84ec40edb41bf5946932e058a4af64d3a6,True
quotecore-plus/app/(auth)/[workspaceSlug]/supplier/actions.ts,816bbf1f55841279b5264dc2a0c74e21b95c605b3f457e21cc36654323d9607e,816bbf1f55841279b5264dc2a0c74e21b95c605b3f457e21cc36654323d9607e,True
quotecore-plus/app/(auth)/[workspaceSlug]/supplier/catalogue-actions.ts,ffda3a4973a398135f50272b5c65728ed1aaa8601cff85b3d9ea39fdd22a2eac,ffda3a4973a398135f50272b5c65728ed1aaa8601cff85b3d9ea39fdd22a2eac,True
quotecore-plus/app/(auth)/[workspaceSlug]/supplier-directory/actions.ts,395326deeff731c579b88647cb81bf984ea1e26fa3a27c0ec0e3a51df014c9fb,395326deeff731c579b88647cb81bf984ea1e26fa3a27c0ec0e3a51df014c9fb,True
quotecore-plus/app/(auth)/[workspaceSlug]/tutorials/welcome-actions.ts,fafe882ede098c0c449e17c82fee68b08130961b82f244a2caded7477f6d8b95,fafe882ede098c0c449e17c82fee68b08130961b82f244a2caded7477f6d8b95,True
quotecore-plus/app/accept/[token]/actions.ts,a1adc9816716f3b09cb4feca8f61c77df508fc968d84b6ddb6de09f4e0d1432a,a1adc9816716f3b09cb4feca8f61c77df508fc968d84b6ddb6de09f4e0d1432a,True
quotecore-plus/app/admin/(dashboard)/admins/actions.ts,9e5ed00ca6a6fd205466773b80ae4d2e27e63b61eb95ce18c198c59b5dda0a63,9e5ed00ca6a6fd205466773b80ae4d2e27e63b61eb95ce18c198c59b5dda0a63,True
quotecore-plus/app/admin/(dashboard)/calibration/actions.ts,74e99e4afaa8a08fa493ceef91e561c0919893963118c0e2e214f1b44e96ae98,74e99e4afaa8a08fa493ceef91e561c0919893963118c0e2e214f1b44e96ae98,True
quotecore-plus/app/admin/(dashboard)/free-tool-usage/actions.ts,ef2ca17de7f91c620621498e5f199f7bd2ae294f1a6a363464ecf2195f66a8c4,ef2ca17de7f91c620621498e5f199f7bd2ae294f1a6a363464ecf2195f66a8c4,True
quotecore-plus/app/admin/(dashboard)/rate-limits/actions.ts,a05ad02dc96d2b4f490424fb81bc852e697bc354ae23afccdde7ced4f332fd0c,a05ad02dc96d2b4f490424fb81bc852e697bc354ae23afccdde7ced4f332fd0c,True
quotecore-plus/app/admin/(dashboard)/roof-components/actions.ts,396b994dac9007cc0a38ec458bc23260764b59c2de06516b64776fb2dc6f8836,396b994dac9007cc0a38ec458bc23260764b59c2de06516b64776fb2dc6f8836,True
quotecore-plus/app/admin/(dashboard)/settings/actions.ts,885da9097e6c330e550e2ac6347349ff955d981abd020f1af8483d85d030104c,885da9097e6c330e550e2ac6347349ff955d981abd020f1af8483d85d030104c,True
quotecore-plus/app/admin/(dashboard)/signups/actions.ts,0d26e6c6c3bae411c08a3b597501c45bf2159b9906f0d0ae6ae79c2b19b9b059,0d26e6c6c3bae411c08a3b597501c45bf2159b9906f0d0ae6ae79c2b19b9b059,True
quotecore-plus/app/admin/(dashboard)/smart-assistant/actions.ts,4905f14e4de0b38608530e36987f82ba7ed87c555ae4ef09c0e67598c35730b1,4905f14e4de0b38608530e36987f82ba7ed87c555ae4ef09c0e67598c35730b1,True
quotecore-plus/app/admin/(dashboard)/suppliers/actions.ts,089ba1afcbe0e2727b051011cfb77187237d05a548ea79a71626eb400e8e626a,089ba1afcbe0e2727b051011cfb77187237d05a548ea79a71626eb400e8e626a,True
quotecore-plus/app/admin/(dashboard)/suppressions/actions.ts,a60a22f1cfa63d768aaf5dee00e6310379504f0cbaace8a78819861db77f4e81,a60a22f1cfa63d768aaf5dee00e6310379504f0cbaace8a78819861db77f4e81,True
quotecore-plus/app/admin/(dashboard)/users/actions.ts,eacafd6b35cbff114d6d0156d80cf5a64a0b947fa21d114db31d24bcaea8fa77,eacafd6b35cbff114d6d0156d80cf5a64a0b947fa21d114db31d24bcaea8fa77,True
quotecore-plus/app/admin/(dashboard)/users/[userId]/actions.ts,d9be791468bbdc3b70a0a40b982749bf67f74da986da22eb13b5abdec3fcd4a7,d9be791468bbdc3b70a0a40b982749bf67f74da986da22eb13b5abdec3fcd4a7,True
quotecore-plus/app/admin/(dashboard)/users/[userId]/quotes-tab/actions.ts,88106c15923892ddf63c2e4711908c7ea2b7fef20057ed9a359eeabbf322db61,88106c15923892ddf63c2e4711908c7ea2b7fef20057ed9a359eeabbf322db61,True
quotecore-plus/app/admin/login/actions.ts,f41e12280b4e99686fb1f86a1c4ca1dfd80357b3d74a083f84f37bfc146e03f1,f41e12280b4e99686fb1f86a1c4ca1dfd80357b3d74a083f84f37bfc146e03f1,True
quotecore-plus/app/api/admin/key-check/route.ts,f9ae9579f968f42debf3f088c629c0545150b2a0c1b91f5a2e0991eea66f1f2f,f9ae9579f968f42debf3f088c629c0545150b2a0c1b91f5a2e0991eea66f1f2f,True
quotecore-plus/app/api/admin/signups/route.ts,d5febf7336c961675c441d75e776417ffe02057dc364de3327d4db3622e36b55,d5febf7336c961675c441d75e776417ffe02057dc364de3327d4db3622e36b55,True
quotecore-plus/app/api/admin/unsubscribe-link/route.ts,7d77caeae1759593752c6c20a9947a16f7029aa344609ef00f659574b8f5162c,7d77caeae1759593752c6c20a9947a16f7029aa344609ef00f659574b8f5162c,True
quotecore-plus/app/api/alerts/route.ts,f8b94483586517c1c17f6f67371fee2bc26e5c0eff07cb8d18d6a083abbdde8f,f8b94483586517c1c17f6f67371fee2bc26e5c0eff07cb8d18d6a083abbdde8f,True
quotecore-plus/app/api/alerts/bulk/route.ts,9c91b6e9fb01daa36a1c648555d726f60ca7006b95271deeec528ae4f4a17a60,9c91b6e9fb01daa36a1c648555d726f60ca7006b95271deeec528ae4f4a17a60,True
quotecore-plus/app/api/alerts/clear-all/route.ts,a7bb0615ea1c37f69a3da3adb57ea550c8d49e244587646356e35d22369df963,a7bb0615ea1c37f69a3da3adb57ea550c8d49e244587646356e35d22369df963,True
quotecore-plus/app/api/alerts/read-all/route.ts,7967195255f64e45533a14bbd27f51817ff2f686dba97450e2ef9bf1d2ebfe50,7967195255f64e45533a14bbd27f51817ff2f686dba97450e2ef9bf1d2ebfe50,True
quotecore-plus/app/api/alerts/[id]/delete/route.ts,7608715643f9e4a931b99025539c41570c47bee95c2975b87a683a40a4168934,7608715643f9e4a931b99025539c41570c47bee95c2975b87a683a40a4168934,True
quotecore-plus/app/api/alerts/[id]/read/route.ts,d0db778b05ebb67705bd354287ef873f31ea8bc8153ae363fa51d48b2ff4f158,d0db778b05ebb67705bd354287ef873f31ea8bc8153ae363fa51d48b2ff4f158,True
quotecore-plus/app/api/app/ai-quota/route.ts,7271269ae69739a18ec5d53de72ac573f0f73e34cb21325df0ac62233002fdec,7271269ae69739a18ec5d53de72ac573f0f73e34cb21325df0ac62233002fdec,True
quotecore-plus/app/api/app/check-save-eligibility/route.ts,e94226f4a0d49b0d3704f2132aa8fd864d4b943940d05b2b34c63313a5e7e744,e94226f4a0d49b0d3704f2132aa8fd864d4b943940d05b2b34c63313a5e7e744,True
quotecore-plus/app/api/app/import-free-document/route.ts,c7fe84b43401801e95edb103687e3ad61f42678cc3fb32c47c919478c6b359ef,c7fe84b43401801e95edb103687e3ad61f42678cc3fb32c47c919478c6b359ef,True
quotecore-plus/app/api/app/import-takeoff-draft/route.ts,88ca0a77bb8e61408b63ea5e5d71f0cc29459981c8b527f64d712f0e6f5a7dac,88ca0a77bb8e61408b63ea5e5d71f0cc29459981c8b527f64d712f0e6f5a7dac,True
quotecore-plus/app/api/app/parse-document/route.ts,2613008a1f1b614efe3a21e71199454aa98b61a62efee95658320488eea28e05,2613008a1f1b614efe3a21e71199454aa98b61a62efee95658320488eea28e05,True
quotecore-plus/app/api/app/restore-calc-draft/route.ts,7c835ce8f295ccab2aa357cb92b1049db976f8e5e0f1e3461933912b0beb9316,7c835ce8f295ccab2aa357cb92b1049db976f8e5e0f1e3461933912b0beb9316,True
quotecore-plus/app/api/assistant/chat/route.ts,6373e4b334925bbd58130b5ca12821737d547824c054c1430720cf763d5a163c,6373e4b334925bbd58130b5ca12821737d547824c054c1430720cf763d5a163c,True
quotecore-plus/app/api/assistant/workflow/route.ts,29697349a8946d7678cdfe0758803f0881c88395bbbda426b25e846eb35ba13c,29697349a8946d7678cdfe0758803f0881c88395bbbda426b25e846eb35ba13c,True
quotecore-plus/app/api/assistant-contact/route.ts,7c0bf4d9b166e2272db9dfb18d626d061f07cf2dca3ff717df5d24b00a8a87c3,7c0bf4d9b166e2272db9dfb18d626d061f07cf2dca3ff717df5d24b00a8a87c3,True
quotecore-plus/app/api/attachments/[token]/download/route.ts,4421a9cae29445766a614eb7b140f462c102993c5301e1e41cc1f8017cb605fc,4421a9cae29445766a614eb7b140f462c102993c5301e1e41cc1f8017cb605fc,True
quotecore-plus/app/api/auth-session-debug/route.ts,c939009de88815c68c7d95d2fca57c886f01b549b1905a535af601e2b14e41d2,c939009de88815c68c7d95d2fca57c886f01b549b1905a535af601e2b14e41d2,True
quotecore-plus/app/api/catalog-rows/route.ts,480dcb14ba8e9f7110a039acc541512577f25ed1967e177d54d5e6c595bac507,480dcb14ba8e9f7110a039acc541512577f25ed1967e177d54d5e6c595bac507,True
quotecore-plus/app/api/contact/route.ts,f84639b747d94bd3dad74bc5251325e3a4ea2d0d39f5bf82fe7373114b60bccc,f84639b747d94bd3dad74bc5251325e3a4ea2d0d39f5bf82fe7373114b60bccc,True
quotecore-plus/app/api/cron/dispatch-scheduled-messages/route.ts,52f4457bbcd9c89715d2773b27e9714d8f20a0f890e933d03e28e000be36dfd6,52f4457bbcd9c89715d2773b27e9714d8f20a0f890e933d03e28e000be36dfd6,True
quotecore-plus/app/api/cron/expire-quotes/route.ts,710c1ce29b5b5283db352ccd91753f555de138c9ec6cd683e0336abc295e8eb2,710c1ce29b5b5283db352ccd91753f555de138c9ec6cd683e0336abc295e8eb2,True
quotecore-plus/app/api/cron/integrations/route.ts,817fe4434bb2d7c7585dcf5c8b6af645adf3300f4923cd009a82e2844c15613a,817fe4434bb2d7c7585dcf5c8b6af645adf3300f4923cd009a82e2844c15613a,True
quotecore-plus/app/api/cron/process-ai-scan-queue/route.ts,40966c43277305da0815b80180760062bb74936f06a445a32ac475215c7cbf4e,40966c43277305da0815b80180760062bb74936f06a445a32ac475215c7cbf4e,True
quotecore-plus/app/api/cron/process-billing-lifecycle/route.ts,53b6f7094d869d98cf8e29f72c2508bf4eb915b3df5e985ff5673a2fcec403bc,53b6f7094d869d98cf8e29f72c2508bf4eb915b3df5e985ff5673a2fcec403bc,True
quotecore-plus/app/api/cron/prune-rate-limits/route.ts,cf9797dad2b0c28288a4fa881cdb24e7ae0e63ec7cb5fd12fd0ce0eaeaf3c8c2,cf9797dad2b0c28288a4fa881cdb24e7ae0e63ec7cb5fd12fd0ce0eaeaf3c8c2,True
quotecore-plus/app/api/cron/sweep-orphan-objects/route.ts,c610c91cf4c77912b63f5071c0f67f5abf1b93bb0203df30828152049cda0569,c610c91cf4c77912b63f5071c0f67f5abf1b93bb0203df30828152049cda0569,True
quotecore-plus/app/api/currency/route.ts,18e350359afc25c79a5722ea2d3c702ed42f13fde5638dce1a4e15413c3bb1e0,18e350359afc25c79a5722ea2d3c702ed42f13fde5638dce1a4e15413c3bb1e0,True
quotecore-plus/app/api/distributor-application/route.ts,753898cd0adff3f4ea13137098256d64ea4643d2d3e82a5feeb388701a474e09,753898cd0adff3f4ea13137098256d64ea4643d2d3e82a5feeb388701a474e09,True
quotecore-plus/app/api/docs/feedback/route.ts,f9c20b368a8ad815777c1e7c5b49c0a96e85687ac3d6e8f964230a5afebb49e9,f9c20b368a8ad815777c1e7c5b49c0a96e85687ac3d6e8f964230a5afebb49e9,True
quotecore-plus/app/api/docs/tree/route.ts,a8982862fb8d35aa9ca37cebceeefb61cd69ebef5653774609fc1562def3065b,a8982862fb8d35aa9ca37cebceeefb61cd69ebef5653774609fc1562def3065b,True
quotecore-plus/app/api/docs/[[...slug]]/route.ts,8114de8d7f92537cb0baab004a70b889117ab4c59d15deb442899e9dd415758b,8114de8d7f92537cb0baab004a70b889117ab4c59d15deb442899e9dd415758b,True
quotecore-plus/app/api/feedback/route.ts,057c5039e94a3ac268db72026b57901338b32e8e528db2d83a30094794050d51,057c5039e94a3ac268db72026b57901338b32e8e528db2d83a30094794050d51,True
quotecore-plus/app/api/free-tools/account-status/route.ts,5413be00d423f8317c6ba4cac04bcdadb00be984f098192b44bb6b5d84bd67fe,5413be00d423f8317c6ba4cac04bcdadb00be984f098192b44bb6b5d84bd67fe,True
quotecore-plus/app/api/free-tools/check-doc-limit/route.ts,cf1d9b31bf5a65d104a5dada8d5808530b25ca2ddcf4e5841ed3f7e0feb75552,cf1d9b31bf5a65d104a5dada8d5808530b25ca2ddcf4e5841ed3f7e0feb75552,True
quotecore-plus/app/api/free-tools/drafts/route.ts,fb704af391bd7f7206bf65a58827e4b62447cea9de264055d48cc820607a464d,fb704af391bd7f7206bf65a58827e4b62447cea9de264055d48cc820607a464d,True
quotecore-plus/app/api/free-tools/drafts/[id]/route.ts,87e84b63840a3ae0935c32727604edf2968a6e080c62587ee24e2ce7ab2da713,87e84b63840a3ae0935c32727604edf2968a6e080c62587ee24e2ce7ab2da713,True
quotecore-plus/app/api/free-tools/finder-event/route.ts,91ea38785c9663ddd6b65c28370ac4702e0b5f9722fa90921f4e704daf85508e,91ea38785c9663ddd6b65c28370ac4702e0b5f9722fa90921f4e704daf85508e,True
quotecore-plus/app/api/free-tools/finder-recommend/route.ts,77cdef166055d1fde1c67182eb293f77f345a9f2fa659b2907581debd9086c81,77cdef166055d1fde1c67182eb293f77f345a9f2fa659b2907581debd9086c81,True
quotecore-plus/app/api/free-tools/generate-result-url/route.ts,8e4e87c3755d66a8a19f90d548b68c8c8576879cccc54d63cf26b89f2891c4cc,8e4e87c3755d66a8a19f90d548b68c8c8576879cccc54d63cf26b89f2891c4cc,True
quotecore-plus/app/api/free-tools/log-usage/route.ts,9558a9ee9516ebe0e22cd5cc15bb5032a170f18712e716662763c2d309b7a30a,9558a9ee9516ebe0e22cd5cc15bb5032a170f18712e716662763c2d309b7a30a,True
quotecore-plus/app/api/free-tools/parse-document/route.ts,b842800985fa4d4cc8be76bc11daee2ff9d4ff3c57ce3fa4408ecd5af5e255e6,b842800985fa4d4cc8be76bc11daee2ff9d4ff3c57ce3fa4408ecd5af5e255e6,True
quotecore-plus/app/api/free-tools/roof-components/route.ts,21e72c97062800778d5fea6fd06f73f41dd499bcd10d473a6450faf7e2cc7dd0,21e72c97062800778d5fea6fd06f73f41dd499bcd10d473a6450faf7e2cc7dd0,True
quotecore-plus/app/api/free-tools/supplier-enquiry/route.ts,1c4251658e1ec469eeae47e50c115f19ca711b24c4b7c4bd95614d02f0bf1b03,1c4251658e1ec469eeae47e50c115f19ca711b24c4b7c4bd95614d02f0bf1b03,True
quotecore-plus/app/api/free-tools/supplier-libraries/route.ts,3228f52dfdc32c85410d05cc79f197d8c9049682dafb54b1677a12c1bf7afebf,3228f52dfdc32c85410d05cc79f197d8c9049682dafb54b1677a12c1bf7afebf,True
quotecore-plus/app/api/free-tools/supplier-library/[slug]/route.ts,bcb568264699daf9199c6b630dbaddeb59cacb8fef73d0f59d6ce7de1f238054,bcb568264699daf9199c6b630dbaddeb59cacb8fef73d0f59d6ce7de1f238054,True
quotecore-plus/app/api/free-tools/supplier-output-log/route.ts,5608724e48f447edd89bf92abe7c10b1b8d176f7c591d7cbafb48faded11a5b6,5608724e48f447edd89bf92abe7c10b1b8d176f7c591d7cbafb48faded11a5b6,True
quotecore-plus/app/api/geo/route.ts,7380df0bea01329ecf3e8f96e9ce8cbcb806a4635a79ecc0e92f95b6aceac083,7380df0bea01329ecf3e8f96e9ce8cbcb806a4635a79ecc0e92f95b6aceac083,True
quotecore-plus/app/api/integrations/quickbooks/callback/route.ts,73fd9eed28653fce011525407fcccc50998bf0dd2f1d63d1ae5f7a8131ed659a,73fd9eed28653fce011525407fcccc50998bf0dd2f1d63d1ae5f7a8131ed659a,True
quotecore-plus/app/api/integrations/quickbooks/connect/route.ts,b3a85f841e04fce8758ad6d7982ac6b54e67accfa60079be70e9e79649124001,b3a85f841e04fce8758ad6d7982ac6b54e67accfa60079be70e9e79649124001,True
quotecore-plus/app/api/integrations/quickbooks/disconnect/route.ts,0bf1b540c3db70c14e5b7410950b58fb8bcb4d9103199382ce3f96022e9a786f,0bf1b540c3db70c14e5b7410950b58fb8bcb4d9103199382ce3f96022e9a786f,True
quotecore-plus/app/api/integrations/quickbooks/export-quote/route.ts,5d7b1dfe2762765382b7a060a8fee54d6d8263f508ea3e9dad8bd49fd45e8950,5d7b1dfe2762765382b7a060a8fee54d6d8263f508ea3e9dad8bd49fd45e8950,True
quotecore-plus/app/api/integrations/quickbooks/status/route.ts,a24fc981147834b960e462392f40f9327593a1a80c34bd2a460015a4cb9c37d1,a24fc981147834b960e462392f40f9327593a1a80c34bd2a460015a4cb9c37d1,True
quotecore-plus/app/api/integrations/xero/callback/route.ts,d81512a0d4521eb5081c7ab896a3f0f777fd667a1c7ffd25f6e6276f01f2780f,d81512a0d4521eb5081c7ab896a3f0f777fd667a1c7ffd25f6e6276f01f2780f,True
quotecore-plus/app/api/integrations/xero/connect/route.ts,a2b118e88881681f42517dea751c7621a1011b401c658fea2a9043a4cc278cb7,a2b118e88881681f42517dea751c7621a1011b401c658fea2a9043a4cc278cb7,True
quotecore-plus/app/api/integrations/xero/disconnect/route.ts,9c273fc2f27cc343a580528b1d56d227aabaf12763a0eef99266f62bef8b070b,9c273fc2f27cc343a580528b1d56d227aabaf12763a0eef99266f62bef8b070b,True
quotecore-plus/app/api/integrations/xero/export-quote/route.ts,c6c4283c78bc11d186bc5275867203b671286fd6c5f638b088452cc36c35555c,c6c4283c78bc11d186bc5275867203b671286fd6c5f638b088452cc36c35555c,True
quotecore-plus/app/api/integrations/xero/status/route.ts,b62a7c2be9d9cd49df098a1678d507b2aac53ddee20a011273c27c224d510598,b62a7c2be9d9cd49df098a1678d507b2aac53ddee20a011273c27c224d510598,True
quotecore-plus/app/api/invoices/catalog-rows/route.ts,db86a69a61d7753a9e49ebc00aacfde0418a33d394aecff6a2be1df6b3dfdf07,db86a69a61d7753a9e49ebc00aacfde0418a33d394aecff6a2be1df6b3dfdf07,True
quotecore-plus/app/api/invoices/public/[token]/dispute/route.ts,bde889d123846d5d3faafc8519e0053f0b4229429b7c5dd992a275279d035f57,bde889d123846d5d3faafc8519e0053f0b4229429b7c5dd992a275279d035f57,True
quotecore-plus/app/api/invoices/public/[token]/payment-sent/route.ts,0b63c010f5d81f9f1548eb9981f1223cea8b3dfb95ab5117381820c57243355f,0b63c010f5d81f9f1548eb9981f1223cea8b3dfb95ab5117381820c57243355f,True
quotecore-plus/app/api/invoices/quote-search/route.ts,f691e44bd7c84190801c285cd4353b82072760c5df2ce5dfd1ae114b48f5bee6,f691e44bd7c84190801c285cd4353b82072760c5df2ce5dfd1ae114b48f5bee6,True
quotecore-plus/app/api/invoices/templates/route.ts,1a8166d0b905b6dc675b29a56e976f21b95416013f77cb516ff23fcfd90a2d4b,1a8166d0b905b6dc675b29a56e976f21b95416013f77cb516ff23fcfd90a2d4b,True
quotecore-plus/app/api/leads/route.ts,b754c20fc5a1a132bd8885ab2b0674d187983d564cecd47d59ae3f0f5e8520ab,b754c20fc5a1a132bd8885ab2b0674d187983d564cecd47d59ae3f0f5e8520ab,True
quotecore-plus/app/api/public/roof-takeoff/calculate/route.ts,b86a7096626be31f5ffc7387a67e065db7b7d5169e0d3320c36bac6f2202233a,b86a7096626be31f5ffc7387a67e065db7b7d5169e0d3320c36bac6f2202233a,True
quotecore-plus/app/api/public/roof-takeoff/openapi/route.ts,2567dca5b34836da4372cb774ccb9e9fda52374ed5c3b0b8d77aaf35a1a7f9cd,2567dca5b34836da4372cb774ccb9e9fda52374ed5c3b0b8d77aaf35a1a7f9cd,True
quotecore-plus/app/api/public/roof-takeoff/schema/route.ts,91e47e897b8dcd6567c5981e50db78dff7e27df9a71849f47d1d904af221b863,91e47e897b8dcd6567c5981e50db78dff7e27df9a71849f47d1d904af221b863,True
quotecore-plus/app/api/public/suppliers/search/route.ts,f0b4353e9703d4f91bdf1e27cc351f9e7305c76ef30d1220a6203933cea145ad,f0b4353e9703d4f91bdf1e27cc351f9e7305c76ef30d1220a6203933cea145ad,True
quotecore-plus/app/api/smart-assistant/state/route.ts,993a31608b4f149df01d7b2bd458ff337ae0a08ac4b6cb89f27c9059a1d23891,993a31608b4f149df01d7b2bd458ff337ae0a08ac4b6cb89f27c9059a1d23891,True
quotecore-plus/app/api/smart-assistant/transcribe/route.ts,43f11c12fe7719d5afa2a7b1e91947a144eaa9c852af655b34639c401bb528c6,43f11c12fe7719d5afa2a7b1e91947a144eaa9c852af655b34639c401bb528c6,True
quotecore-plus/app/api/smart-assistant/turn/route.ts,5df680a0660ea6177aeb5714672ef82c318067eb0f5c4efe570c37af25363241,5df680a0660ea6177aeb5714672ef82c318067eb0f5c4efe570c37af25363241,True
quotecore-plus/app/api/supplier-alert-preferences/route.ts,47377d0c695975de30b8d903a6c057aadd75ab47c47b46e1d1c06f1df8b28030,47377d0c695975de30b8d903a6c057aadd75ab47c47b46e1d1c06f1df8b28030,True
quotecore-plus/app/api/supplier-application/route.ts,2c600661caec494cfcd6cc03b265384e824c9456970c75d64295b0eada3f0ec0,2c600661caec494cfcd6cc03b265384e824c9456970c75d64295b0eada3f0ec0,True
quotecore-plus/app/api/supplier-application/[id]/status/route.ts,9806921251c39c84651005db03bc8eb1ece7f9bc0f2f3561816cee8cef950511,9806921251c39c84651005db03bc8eb1ece7f9bc0f2f3561816cee8cef950511,True
quotecore-plus/app/api/supplier-apply-updates/route.ts,05b7256ce77ae13f1cfc438acd6797122cac8f91bfbc5c66bf8ce5cb936c643b,05b7256ce77ae13f1cfc438acd6797122cac8f91bfbc5c66bf8ce5cb936c643b,True
quotecore-plus/app/api/supplier-catalogue-convert/route.ts,f9296a42c3d0f06a4cdc00f4c7afea70df2fbdd1014c91ecc811b8c5c81c2dab,f9296a42c3d0f06a4cdc00f4c7afea70df2fbdd1014c91ecc811b8c5c81c2dab,True
quotecore-plus/app/api/supplier-catalogue-import/route.ts,3c33722ab5cc0ff18757b26f9e342536e35b1b6a13c7b94b1f24e13c8f0192a2,3c33722ab5cc0ff18757b26f9e342536e35b1b6a13c7b94b1f24e13c8f0192a2,True
quotecore-plus/app/api/supplier-catalogue-rows/route.ts,10d4f3a30f59e1c4401af98e6facf40249de2259c4223975feb824efabf46162,10d4f3a30f59e1c4401af98e6facf40249de2259c4223975feb824efabf46162,True
quotecore-plus/app/api/supplier-directory/save-catalog/route.ts,871243ea09229a1f69e9d9c1e14670568f6caeb30e5237bb29158a454530c6ad,871243ea09229a1f69e9d9c1e14670568f6caeb30e5237bb29158a454530c6ad,True
quotecore-plus/app/api/supplier-import/route.ts,99217af5e028376a175f8826572af2a5416a6d03ac3d6d26dede54f6b0322f0b,99217af5e028376a175f8826572af2a5416a6d03ac3d6d26dede54f6b0322f0b,True
quotecore-plus/app/api/supplier-publish-update/route.ts,f29c9240fa186314a24ac3e2485126ceb8a61624e12889879b9c37eb4654f6f7,f29c9240fa186314a24ac3e2485126ceb8a61624e12889879b9c37eb4654f6f7,True
quotecore-plus/app/api/supplier-resolve-update/route.ts,d7a37c1f58aafa9878538cf6dca44a7dd46344da2b23b739c83b2d2ab1610667,d7a37c1f58aafa9878538cf6dca44a7dd46344da2b23b739c83b2d2ab1610667,True
quotecore-plus/app/api/supplier-update-component/route.ts,24218eaaabb40be03dbb60e11d74175667896a6b4efaebed0dbc5065ec660840,24218eaaabb40be03dbb60e11d74175667896a6b4efaebed0dbc5065ec660840,True
quotecore-plus/app/api/supplier-upload/route.ts,754da9ff1ce12debfa66fc484811589357679973d98efe9664e98b1da3689ec5,754da9ff1ce12debfa66fc484811589357679973d98efe9664e98b1da3689ec5,True
quotecore-plus/app/api/takeoff/ai-scan-v3/route.ts,a0a2ba96c47a30547ebf33445e78721af431905ed195973f46fbed488024ec0b,a0a2ba96c47a30547ebf33445e78721af431905ed195973f46fbed488024ec0b,True
quotecore-plus/app/api/takeoff/calibration/route.ts,6c5a7c31b998700b950715f67d3d6cc09fc30ffd9a4f0cc42e19ddee3d7e9efd,6c5a7c31b998700b950715f67d3d6cc09fc30ffd9a4f0cc42e19ddee3d7e9efd,True
quotecore-plus/app/api/takeoff/scan-jobs/route.ts,970a9f8d98e8206eb371c43a8b667165c4fe5b69644decb14b371acf54137b9f,970a9f8d98e8206eb371c43a8b667165c4fe5b69644decb14b371acf54137b9f,True
quotecore-plus/app/api/takeoff-diagnostics/route.ts,5e1b8211fe4b1e753b56b3cb6c21df4f0a683365d29b8d34f3c5b845c24f0a4a,5e1b8211fe4b1e753b56b3cb6c21df4f0a683365d29b8d34f3c5b845c24f0a4a,True
quotecore-plus/app/api/upload-logo/route.ts,490c3a40daf36e278ab930426e5384f57606c895eb063cc1ad394ea7121a5e54,490c3a40daf36e278ab930426e5384f57606c895eb063cc1ad394ea7121a5e54,True
quotecore-plus/app/api/webhooks/stripe/route.ts,db344e00b39835cd4c2ebefc3c64fb4bceb78814fbb17eb77f0c61f358716e09,db344e00b39835cd4c2ebefc3c64fb4bceb78814fbb17eb77f0c61f358716e09,True
quotecore-plus/app/components/send/sendTestTip-actions.ts,beecafd067668870dfff94a040bc7632f409672486245cbc599971f31a00c3d6,beecafd067668870dfff94a040bc7632f409672486245cbc599971f31a00c3d6,True
quotecore-plus/app/lib/blog-posts.ts,69c2ea19165b2c4b3c54293936c69d79379dec1f920f898d88410effc4e3a524,69c2ea19165b2c4b3c54293936c69d79379dec1f920f898d88410effc4e3a524,True
quotecore-plus/app/lib/pitch-inputs.ts,7d08e892df3d7c78f1b7d867c48848f0d434254e295cd45f23bda99eb0270d0f,7d08e892df3d7c78f1b7d867c48848f0d434254e295cd45f23bda99eb0270d0f,True
quotecore-plus/app/lib/roof-pitch-estimator.ts,d1ff8dd86a8a51bd592dffc8a6880aab110283e8bd2d6098938f5aec540f5f78,d1ff8dd86a8a51bd592dffc8a6880aab110283e8bd2d6098938f5aec540f5f78,True
quotecore-plus/app/lib/roofAngleCalculator.ts,bfb09ad2b7c39ea3cdde013ad104efe4e3cc66dd9398b5595cc12bd1f4351699,bfb09ad2b7c39ea3cdde013ad104efe4e3cc66dd9398b5595cc12bd1f4351699,True
quotecore-plus/app/lib/seo.ts,4eb0e919262062a87246b1133cd820fdd32585d5a513dea9a10459d6307c69f4,4eb0e919262062a87246b1133cd820fdd32585d5a513dea9a10459d6307c69f4,True
quotecore-plus/app/lib/types.ts,faec1aad60857485f4dc5262bfaa5256e87f8ef2d92116261cb27bca3287609b,faec1aad60857485f4dc5262bfaa5256e87f8ef2d92116261cb27bca3287609b,True
quotecore-plus/app/lib/admin/audit.ts,22aaa4bd9d6cc8dd678055ec0a8447e1ac6b93cc12e4d6e9a46b4a4288a2a3cd,22aaa4bd9d6cc8dd678055ec0a8447e1ac6b93cc12e4d6e9a46b4a4288a2a3cd,True
quotecore-plus/app/lib/alerts/prefs.ts,174babd02eee3d6fd52dc94ac555ee12008db8dee8cf32a3145992080b96bfb6,174babd02eee3d6fd52dc94ac555ee12008db8dee8cf32a3145992080b96bfb6,True
quotecore-plus/app/lib/assistant/config.ts,db0dd0e3e30bc0ebdaa76a867b925fa92a8a0ebdd97d9cd5f73dddf1914602da,db0dd0e3e30bc0ebdaa76a867b925fa92a8a0ebdd97d9cd5f73dddf1914602da,True
quotecore-plus/app/lib/assistant/contextResolver.ts,1007653651a71863fb7d454d8c5466186cc7ad1b475415e92e7ba61ba0ec4930,1007653651a71863fb7d454d8c5466186cc7ad1b475415e92e7ba61ba0ec4930,True
quotecore-plus/app/lib/assistant/costGuard.ts,31cc200651bd53695625e5fed5655174023c8f7b0ecbd5f59492d51e1a3300ab,31cc200651bd53695625e5fed5655174023c8f7b0ecbd5f59492d51e1a3300ab,True
quotecore-plus/app/lib/assistant/earlyIntentRouter.ts,3d084c693f6d5c90d14085623d7d23caa5e1668934ba8cab91c201f7a565c716,3d084c693f6d5c90d14085623d7d23caa5e1668934ba8cab91c201f7a565c716,True
quotecore-plus/app/lib/assistant/knowledge.ts,9e2083a86f6d8d9de87925ddabe9877d46b27e55b0a2bed3ef73bbfe942d1a08,9e2083a86f6d8d9de87925ddabe9877d46b27e55b0a2bed3ef73bbfe942d1a08,True
quotecore-plus/app/lib/assistant/llmClient.ts,27b5ecbcb6270d7a55e1dcd00ca4dd68bf7a48dce60add82d15db914dc08b385,27b5ecbcb6270d7a55e1dcd00ca4dd68bf7a48dce60add82d15db914dc08b385,True
quotecore-plus/app/lib/assistant/orchestrator.ts,0c9ccc3bc25c1aaaf9cc92c4caa2ef67c47ca3c64f93373e7f291a9da2edf2a6,0c9ccc3bc25c1aaaf9cc92c4caa2ef67c47ca3c64f93373e7f291a9da2edf2a6,True
quotecore-plus/app/lib/assistant/protocol.ts,ddde74dfbbf838400fee0070b55fe95ac074e0f99f115dbbe97b5d9d07176fa8,ddde74dfbbf838400fee0070b55fe95ac074e0f99f115dbbe97b5d9d07176fa8,True
quotecore-plus/app/lib/assistant/rateLimit.ts,23ce085cb86329fcb607bf66da26a5eec5b570c6bb7ef4cfbb7d2509a48dcf8c,23ce085cb86329fcb607bf66da26a5eec5b570c6bb7ef4cfbb7d2509a48dcf8c,True
quotecore-plus/app/lib/assistant/README.md,c810c9ed61383bb0167d490ef56f130f642c3eac2ec71c286a4edd958e9a0450,c810c9ed61383bb0167d490ef56f130f642c3eac2ec71c286a4edd958e9a0450,True
quotecore-plus/app/lib/assistant/sessions.ts,19db1e261979c6b6720fdfb94322407abbf328a612e061e805cf1d7fdc893e73,19db1e261979c6b6720fdfb94322407abbf328a612e061e805cf1d7fdc893e73,True
quotecore-plus/app/lib/assistant/toolRegistry.ts,b93cdff21dc13e1a1ace43a5729571e59824c72ba363d36acd8493e7b0afd97c,b93cdff21dc13e1a1ace43a5729571e59824c72ba363d36acd8493e7b0afd97c,True
quotecore-plus/app/lib/assistant/uiRegistry.generated.ts,e1b06d24a0fbd5c486584cda66f9ad22ee5474dd3b52980c4fb5aace16ee5b66,e1b06d24a0fbd5c486584cda66f9ad22ee5474dd3b52980c4fb5aace16ee5b66,True
quotecore-plus/app/lib/assistant/uiRegistry.ts,b2eeed2ee3338031881dad16b4c329885eca9ba0b5a34b4a3e692a21c07b5364,b2eeed2ee3338031881dad16b4c329885eca9ba0b5a34b4a3e692a21c07b5364,True
quotecore-plus/app/lib/assistant/workflows.generated.json,d9826a94112da5b70ffb377651e4a236f3d25ad3373bafe7813f3f3d73738583,d9826a94112da5b70ffb377651e4a236f3d25ad3373bafe7813f3f3d73738583,True
quotecore-plus/app/lib/assistant/library/intents.ts,935755c616c5761a41a1cbfc2599371b16d8baebeeb46ada0d6265b94f8b2d8b,935755c616c5761a41a1cbfc2599371b16d8baebeeb46ada0d6265b94f8b2d8b,True
quotecore-plus/app/lib/assistant/library/types.ts,16f08936aed83273872c83ab5540c3bcd2cff213b3b54f6f02fb5e16a3e3aeb1,16f08936aed83273872c83ab5540c3bcd2cff213b3b54f6f02fb5e16a3e3aeb1,True
quotecore-plus/app/lib/assistant/library/workflowLibrary.ts,fbd7d1ab7feafba445486273218b742232e653d03c1317ef17dec752dfc2d509,fbd7d1ab7feafba445486273218b742232e653d03c1317ef17dec752dfc2d509,True
quotecore-plus/app/lib/auth/apiGuard.ts,01597024929449a5e2c134c86434e6f8d30adbb8c7f34f3510f3bfd8388b9134,01597024929449a5e2c134c86434e6f8d30adbb8c7f34f3510f3bfd8388b9134,True
quotecore-plus/app/lib/auth/ownership.ts,997dc5dd9faa17d5b22fb8e4c97e7808405965e516ba5bf5f8a639070e54c49f,997dc5dd9faa17d5b22fb8e4c97e7808405965e516ba5bf5f8a639070e54c49f,True
quotecore-plus/app/lib/billing/entitlements.ts,184cb5e19874257a8271966082fbe6de2cebaa620e413bb4df480c0c2b156777,184cb5e19874257a8271966082fbe6de2cebaa620e413bb4df480c0c2b156777,True
quotecore-plus/app/lib/billing/errors.ts,b12c9b9d5d381dffd4d96b8d9ff88f756cb6433578ab7593744aa6953b41c306,b12c9b9d5d381dffd4d96b8d9ff88f756cb6433578ab7593744aa6953b41c306,True
quotecore-plus/app/lib/billing/features.ts,4f28931fc306574a7bd264b14cf6185d71971c7632422b16685f5a90c5b6843f,4f28931fc306574a7bd264b14cf6185d71971c7632422b16685f5a90c5b6843f,True
quotecore-plus/app/lib/billing/paywall-plans.ts,9d705cf290db8c9ea1ca0e12ff7b73f96ae561c32b6fdbacf726cffc7af6338e,9d705cf290db8c9ea1ca0e12ff7b73f96ae561c32b6fdbacf726cffc7af6338e,True
quotecore-plus/app/lib/billing/quote-creation.ts,1abf3b05fd6605bb07be8632a52ece1d8706608cd6fb490fcc8d3ecf4f219176,1abf3b05fd6605bb07be8632a52ece1d8706608cd6fb490fcc8d3ecf4f219176,True
quotecore-plus/app/lib/billing/stripe.ts,a26dd9e7d6bb64de499d2100e9f06681919ebba04c9d1156d789d657e061d74f,a26dd9e7d6bb64de499d2100e9f06681919ebba04c9d1156d789d657e061d74f,True
quotecore-plus/app/lib/currency/currencies.test.ts,260811674d1cefa4c4d029fc57978aa802b0c96dc12347b1142f5c90261a0b21,260811674d1cefa4c4d029fc57978aa802b0c96dc12347b1142f5c90261a0b21,True
quotecore-plus/app/lib/currency/currencies.ts,653a3be069612dde3d60845e85832f0d126f1e3c344a439d133eb1aec56ba384,653a3be069612dde3d60845e85832f0d126f1e3c344a439d133eb1aec56ba384,True
quotecore-plus/app/lib/data/company-context.ts,9a58439c7a55275f67175d49ec4df2273802a28562ac92e4493a13858909094e,9a58439c7a55275f67175d49ec4df2273802a28562ac92e4493a13858909094e,True
quotecore-plus/app/lib/data/ensure-company-has-collection.ts,02d52f2f1b60db2cf03ed3051e37c23408d8ed13ff4067a03e3f5583ad25bad2,02d52f2f1b60db2cf03ed3051e37c23408d8ed13ff4067a03e3f5583ad25bad2,True
quotecore-plus/app/lib/docs/loader.tsx,67bf5e7e96a583b7e6efe7484edaab5b106d83bfc30cc211b3c8ca674e3f2db9,67bf5e7e96a583b7e6efe7484edaab5b106d83bfc30cc211b3c8ca674e3f2db9,True
quotecore-plus/app/lib/docs/route-mapping.ts,54e4c19022ce372f305bdab9fd0f2fb68cfa0c08e409faa7656a82e292e6f745,54e4c19022ce372f305bdab9fd0f2fb68cfa0c08e409faa7656a82e292e6f745,True
quotecore-plus/app/lib/docs/tree.ts,9557b145b2285e13f6cc7a16c518aaed12a85e376c8233eca4ea728c4a6371c0,9557b145b2285e13f6cc7a16c518aaed12a85e376c8233eca4ea728c4a6371c0,True
quotecore-plus/app/lib/email/attachments.ts,39da5d8dde94f6171bb6ec7725868ccb740d763363613f53c0dec2cbabd6081d,39da5d8dde94f6171bb6ec7725868ccb740d763363613f53c0dec2cbabd6081d,True
quotecore-plus/app/lib/email/baseLayout.ts,234fd613bbde5af7cd47bc4afab9d35193297338c6067a183e2d517d85fbd1d5,234fd613bbde5af7cd47bc4afab9d35193297338c6067a183e2d517d85fbd1d5,True
quotecore-plus/app/lib/email/client.ts,b43ab46a6dcae52a01444ffffa800977b3c7550121e2df13d4263a211cb62ffd,b43ab46a6dcae52a01444ffffa800977b3c7550121e2df13d4263a211cb62ffd,True
quotecore-plus/app/lib/email/notify.ts,acb817825ee17a707c0c3c65f682f43672b3447e22ff07cf76cef8318f3ff051,acb817825ee17a707c0c3c65f682f43672b3447e22ff07cf76cef8318f3ff051,True
quotecore-plus/app/lib/email/recipients.ts,e2672bc113ff6029a046ff03a9d5a006847f4def88b69582d378e3c672e45dc9,e2672bc113ff6029a046ff03a9d5a006847f4def88b69582d378e3c672e45dc9,True
quotecore-plus/app/lib/email/send.ts,bd9ed21acb0de84c2d7a178da561924f557ab4c9ea8b22d0a2f854273fdab6d8,bd9ed21acb0de84c2d7a178da561924f557ab4c9ea8b22d0a2f854273fdab6d8,True
quotecore-plus/app/lib/email/urls.ts,fbbfe87cf3892ea6750e15b1788d5651ca9bfab6da790cdfa44e8ec4ca6ef30a,fbbfe87cf3892ea6750e15b1788d5651ca9bfab6da790cdfa44e8ec4ca6ef30a,True
quotecore-plus/app/lib/email/templates/adhoc.ts,d6ac49c687b46625a65ff3e2e782810a00703b0851714c1e3f603c515b0d990f,d6ac49c687b46625a65ff3e2e782810a00703b0851714c1e3f603c515b0d990f,True
quotecore-plus/app/lib/email/templates/alerts.ts,346aa54500a4ee80ac8f2fd111fb7273fc203e9c551ef768870a34123097fae3,346aa54500a4ee80ac8f2fd111fb7273fc203e9c551ef768870a34123097fae3,True
quotecore-plus/app/lib/email/templates/outboundMessage.ts,93c917c0823f1ed66a4aaff4f8daa167e926dcd3860e7c06e0ec4a646d13e65c,93c917c0823f1ed66a4aaff4f8daa167e926dcd3860e7c06e0ec4a646d13e65c,True
quotecore-plus/app/lib/email/templates/security.ts,0c340626f638b69c2d1e195741e817c8fd2dfe7720e25b978f3a8961881e642a,0c340626f638b69c2d1e195741e817c8fd2dfe7720e25b978f3a8961881e642a,True
quotecore-plus/app/lib/email/templates/welcome.ts,fe342704cfb20b063f3ffb23c6c2052f7dfc792f811ede0b3658d1556a9a0bab,fe342704cfb20b063f3ffb23c6c2052f7dfc792f811ede0b3658d1556a9a0bab,True
quotecore-plus/app/lib/files/signed-upload-types.ts,6569fec6bb3d0070d48ed62a27290ab7bdc346b170f0008ed5d1a25e3a6123d2,6569fec6bb3d0070d48ed62a27290ab7bdc346b170f0008ed5d1a25e3a6123d2,True
quotecore-plus/app/lib/files/signed-upload.ts,06697a5e28184ad96cc4bb0cca5c7671281954d1825dfe3c59cab61eeba29de7,06697a5e28184ad96cc4bb0cca5c7671281954d1825dfe3c59cab61eeba29de7,True
quotecore-plus/app/lib/files/storage-actions.ts,bc8408dd450a92fa7b44bd5d0c8a8dc905ed8d4c13fea46dad78f04ec7653041,bc8408dd450a92fa7b44bd5d0c8a8dc905ed8d4c13fea46dad78f04ec7653041,True
quotecore-plus/app/lib/files/upload-finaliser.ts,edac14fdb351557f7e7532988f47cc9014e9ea09e4ee88795836b6a9d8d9e895,edac14fdb351557f7e7532988f47cc9014e9ea09e4ee88795836b6a9d8d9e895,True
quotecore-plus/app/lib/free-tools/createComponentFromDraft.ts,0d9f772d3f53ef02ede73710f413be7dcd545eaa2649647403b8057e93afb1a6,0d9f772d3f53ef02ede73710f413be7dcd545eaa2649647403b8057e93afb1a6,True
quotecore-plus/app/lib/free-tools/resolveTier.ts,962fc0bf8d00a850952b04cb33de00d856d119474c39b4a9cbaa860810a33bf1,962fc0bf8d00a850952b04cb33de00d856d119474c39b4a9cbaa860810a33bf1,True
quotecore-plus/app/lib/free-tools/tiers.ts,6c3831391e328a2a32053fe25d18df6cc72687a82fd5d6fbd38b70f5f7e88999,6c3831391e328a2a32053fe25d18df6cc72687a82fd5d6fbd38b70f5f7e88999,True
quotecore-plus/app/lib/i18n/languages.ts,be63e31ca838137ee2f5d52e676ac8668dff212ee534d3b76be86420335939d6,be63e31ca838137ee2f5d52e676ac8668dff212ee534d3b76be86420335939d6,True
quotecore-plus/app/lib/integrations/connectors/index.ts,d63b4f7b3e40883c5622f9b6ba41b2d6fd015a640455b72f6bd3f594de5afa03,d63b4f7b3e40883c5622f9b6ba41b2d6fd015a640455b72f6bd3f594de5afa03,True
quotecore-plus/app/lib/integrations/connectors/fergus/connector.test.ts,c9b8dc334177447aa3298796e8eb9b996b29655bc124f84c035855c0320e8d5f,c9b8dc334177447aa3298796e8eb9b996b29655bc124f84c035855c0320e8d5f,True
quotecore-plus/app/lib/integrations/connectors/fergus/connector.ts,c4ecac3553568edd4fb2d19c60704a123073ef586f57f2e6e4597717dbc9ac02,c4ecac3553568edd4fb2d19c60704a123073ef586f57f2e6e4597717dbc9ac02,True
quotecore-plus/app/lib/integrations/connectors/jobnimbus/connector.ts,c5690f3f76e441f5eddedbd698e997a907e6ac42904346048ea6a600a8891a28,c5690f3f76e441f5eddedbd698e997a907e6ac42904346048ea6a600a8891a28,True
quotecore-plus/app/lib/integrations/connectors/zapier/connector.ts,2dd01da135ac9c26ca72a62219cffb614a04d6b0f222370fee1edb0512f44e40,2dd01da135ac9c26ca72a62219cffb614a04d6b0f222370fee1edb0512f44e40,True
quotecore-plus/app/lib/integrations/contracts/connector.ts,a89e4546519cdb642c463e79fd4da81e74217b2872e644b62740c2aa613e4e83,a89e4546519cdb642c463e79fd4da81e74217b2872e644b62740c2aa613e4e83,True
quotecore-plus/app/lib/integrations/contracts/envelope-v1.ts,a3b1ae5aea87e7d234e5473f0413c8af99c542d0d57296d7293d816a392f8cc6,a3b1ae5aea87e7d234e5473f0413c8af99c542d0d57296d7293d816a392f8cc6,True
quotecore-plus/app/lib/integrations/contracts/index.ts,ff71a45848fe9348fd2ad944e9f08b54a09887e1e8113314c6cdb6bf02b175bc,ff71a45848fe9348fd2ad944e9f08b54a09887e1e8113314c6cdb6bf02b175bc,True
quotecore-plus/app/lib/integrations/execution/dispatch.ts,6bf1bc9f052584863d1119c3d068b5dd5f102cea9fbbd082c6bfdbd86a13b902,6bf1bc9f052584863d1119c3d068b5dd5f102cea9fbbd082c6bfdbd86a13b902,True
quotecore-plus/app/lib/integrations/execution/queue.ts,a96a72699ae6a4dac06fcff455369565b509ae11c4b22120bab8ec023683bc8e,a96a72699ae6a4dac06fcff455369565b509ae11c4b22120bab8ec023683bc8e,True
quotecore-plus/app/lib/integrations/export-builder/build-quote-export.ts,98b6b5ccd16d14d1b9a8366b96321b83a8c1f57392558d145ecdaeaa40665b62,98b6b5ccd16d14d1b9a8366b96321b83a8c1f57392558d145ecdaeaa40665b62,True
quotecore-plus/app/lib/integrations/export-builder/integration-artifacts.tsx,97987516dcc639af3da7e2672715f86090cace02b9c59366a7faad6f8ca6da53,97987516dcc639af3da7e2672715f86090cace02b9c59366a7faad6f8ca6da53,True
quotecore-plus/app/lib/integrations/export-builder/projections.ts,da3d4ce7e76e61d4a332deb35d3085f44063b5a8c79e46d6702205a142a7d924,da3d4ce7e76e61d4a332deb35d3085f44063b5a8c79e46d6702205a142a7d924,True
quotecore-plus/app/lib/integrations/quickbooks/qbo.ts,b73eca4e16ab5ba4707ee7ef0833c0aa7dce21cd88bebc3016afda74e003f756,b73eca4e16ab5ba4707ee7ef0833c0aa7dce21cd88bebc3016afda74e003f756,True
quotecore-plus/app/lib/integrations/xero/xero.ts,bd391f98a94e648b16017a71896f77f7d89f7de8fb5904eb9a884f78a8812677,bd391f98a94e648b16017a71896f77f7d89f7de8fb5904eb9a884f78a8812677,True
quotecore-plus/app/lib/marketing/adminSecrets.ts,a2f39aa9655984dbabd00132235b69fb945b1498bfb11200bc13aa8acf2b4c13,a2f39aa9655984dbabd00132235b69fb945b1498bfb11200bc13aa8acf2b4c13,True
quotecore-plus/app/lib/marketing/unsubscribeToken.ts,07384343a95adfb35b145c78884fc309a32c2cc1cfa20917aa6aab0f8b9d829c,07384343a95adfb35b145c78884fc309a32c2cc1cfa20917aa6aab0f8b9d829c,True
quotecore-plus/app/lib/measurements/conversions.ts,b7813d25ea6c2241cd2df1a9667718f7721827f6c538497c74414e62e9af903e,b7813d25ea6c2241cd2df1a9667718f7721827f6c538497c74414e62e9af903e,True
quotecore-plus/app/lib/measurements/displayHelpers.ts,74ccbaab100bf44e4d2381ac032c2dc790f5308641d18a9eb90f600688e0973b,74ccbaab100bf44e4d2381ac032c2dc790f5308641d18a9eb90f600688e0973b,True
quotecore-plus/app/lib/messages/attachmentDownload.ts,9b60eb451309dab12396f1cffaad79184cb94edf1eadf9ea37dee998e032ed83,9b60eb451309dab12396f1cffaad79184cb94edf1eadf9ea37dee998e032ed83,True
quotecore-plus/app/lib/messages/attachmentResolver.ts,2ad962ed095542a5fbe2970508adfb4c2adacade29c2242f03468177f9572a2a,2ad962ed095542a5fbe2970508adfb4c2adacade29c2242f03468177f9572a2a,True
quotecore-plus/app/lib/messages/mergeVars.ts,48b879b9639de97ed37df45e35366758ee86a295878aeaba68d57000bc100727,48b879b9639de97ed37df45e35366758ee86a295878aeaba68d57000bc100727,True
quotecore-plus/app/lib/messages/replyToken.ts,38e1d48f11a405fdf810d6e3c16db2e0d503e11c8df630a6381cb1cd02cbfa45,38e1d48f11a405fdf810d6e3c16db2e0d503e11c8df630a6381cb1cd02cbfa45,True
quotecore-plus/app/lib/messages/scheduled-types.ts,ce891feec5c2f1ea4260226b0cebb38d1f677fe11f5ea89acb59813d5d88f927,ce891feec5c2f1ea4260226b0cebb38d1f677fe11f5ea89acb59813d5d88f927,True
quotecore-plus/app/lib/messages/scheduled.ts,e75e7922963dbddd6eba63362562f57b6a7be8781ef038f4a0b984ffd8ca01a7,e75e7922963dbddd6eba63362562f57b6a7be8781ef038f4a0b984ffd8ca01a7,True
quotecore-plus/app/lib/messages/send.ts,cb5f1f6d95878f1e6626abe8d32e64795fc95a077993969a03d98e2350a52836,cb5f1f6d95878f1e6626abe8d32e64795fc95a077993969a03d98e2350a52836,True
quotecore-plus/app/lib/pdf/renderComponentToPdf.tsx,5bd5d58ba36c92670d968e4fbfeb5a212003144156e4b99f86b6d207bbf56199,5bd5d58ba36c92670d968e4fbfeb5a212003144156e4b99f86b6d207bbf56199,True
quotecore-plus/app/lib/pdf/renderPreviewToPdf.ts,b96753679027c5d894a2f789c3e6fdd8c9ffb061c1d18112af98a717b5f58684,b96753679027c5d894a2f789c3e6fdd8c9ffb061c1d18112af98a717b5f58684,True
quotecore-plus/app/lib/pricing/calcTracer.ts,bdde5a25488292a9b827abcf1c4e4b9a1eb3fd7994afee3b0a481ed6290f7b3a,bdde5a25488292a9b827abcf1c4e4b9a1eb3fd7994afee3b0a481ed6290f7b3a,True
quotecore-plus/app/lib/pricing/engine.ts,b193a00c1ef5d1aa15c6dc7fb44a316d16e0f6bc942936d137dce23f7468817a,b193a00c1ef5d1aa15c6dc7fb44a316d16e0f6bc942936d137dce23f7468817a,True
quotecore-plus/app/lib/quotes/lineText.ts,533f3e6f9d88de687b71f906e61376ff296e8d343fc102330bb38009f7bf7768,533f3e6f9d88de687b71f906e61376ff296e8d343fc102330bb38009f7bf7768,True
quotecore-plus/app/lib/recipient/StampRecipientView.tsx,bc75158fa869829f9541137f27dfe60955e97657422f39269694085b523f953b,bc75158fa869829f9541137f27dfe60955e97657422f39269694085b523f953b,True
quotecore-plus/app/lib/recipient/stampViewActions.ts,516a73af32275c66761a1c728deaa03fbdfb0640821d7e7530ffd8f54cf437a2,516a73af32275c66761a1c728deaa03fbdfb0640821d7e7530ffd8f54cf437a2,True
quotecore-plus/app/lib/security/hmacToken.ts,3ee266cca892a083e6b9483e9857724db663edea66cde9f586f0c5373a1e2ecb,3ee266cca892a083e6b9483e9857724db663edea66cde9f586f0c5373a1e2ecb,True
quotecore-plus/app/lib/security/pickFields.ts,a6966b410e360c58be4e72369c7b961290a593945665d857aabf3380328107e9,a6966b410e360c58be4e72369c7b961290a593945665d857aabf3380328107e9,True
quotecore-plus/app/lib/security/questions.ts,a7c5410606d53aca4391d71c6f458b580745e81ef364f10738185074edf846f3,a7c5410606d53aca4391d71c6f458b580745e81ef364f10738185074edf846f3,True
quotecore-plus/app/lib/security/rateLimit.ts,a6fe60cb910a91f02877893a6fe916e61d1f35061d432b3bd894ecdb02aa3190,a6fe60cb910a91f02877893a6fe916e61d1f35061d432b3bd894ecdb02aa3190,True
quotecore-plus/app/lib/seed/seedTemplateComponents.ts,8e2c99a666406dfd33b5b38024ad3b77a2deee72b16aca603920289bca40c469,8e2c99a666406dfd33b5b38024ad3b77a2deee72b16aca603920289bca40c469,True
quotecore-plus/app/lib/seed/starterComponentsData.ts,cdb2a165cc8ecea79656d14f518045b6d7e80d20bbceba5f74f65899404e6f16,cdb2a165cc8ecea79656d14f518045b6d7e80d20bbceba5f74f65899404e6f16,True
quotecore-plus/app/lib/send-document/followups.ts,d87481f2dcd7c3d50b683e737f8650cadf067abc8525b69fde45fbdb6dd67df4,d87481f2dcd7c3d50b683e737f8650cadf067abc8525b69fde45fbdb6dd67df4,True
quotecore-plus/app/lib/send-document/orchestrator.ts,cbf2a554309e62d12703e22be5ab51da7155413c9e555711723d30a9e5cd68fd,cbf2a554309e62d12703e22be5ab51da7155413c9e555711723d30a9e5cd68fd,True
quotecore-plus/app/lib/send-document/types.ts,2afde3f02a17cb317b779a2f14ffcb7387f74c60b975f9a753b5d58a05711b13,2afde3f02a17cb317b779a2f14ffcb7387f74c60b975f9a753b5d58a05711b13,True
quotecore-plus/app/lib/send-document/adapters/invoice.ts,b60d1238e960865e07e78d3b175585140c5f7c2e71e65bb12c1a7c1bf017e660,b60d1238e960865e07e78d3b175585140c5f7c2e71e65bb12c1a7c1bf017e660,True
quotecore-plus/app/lib/send-document/adapters/order.ts,d95bdd30334b96cc0a5a01175affe9be3f4e162ca1444fbc7081425165ed65d9,d95bdd30334b96cc0a5a01175affe9be3f4e162ca1444fbc7081425165ed65d9,True
quotecore-plus/app/lib/send-document/adapters/quote.ts,2237fb1103ee9acf5c1e9b8504dc2e54914eb87736bc73d0bc97558ac48486b7,2237fb1103ee9acf5c1e9b8504dc2e54914eb87736bc73d0bc97558ac48486b7,True
quotecore-plus/app/lib/smart-assistant/orchestrator.ts,1e76012733638c0b4e16982d8719872dd08fc3888a5e04f92525205471a07478,1e76012733638c0b4e16982d8719872dd08fc3888a5e04f92525205471a07478,True
quotecore-plus/app/lib/smart-assistant/tools.ts,cbc544630cbad6210e42041ba41e7882b1d0a7ce3e3e68c5c3ce1aa7b8dd2600,cbc544630cbad6210e42041ba41e7882b1d0a7ce3e3e68c5c3ce1aa7b8dd2600,True
quotecore-plus/app/lib/smart-assistant/turn.ts,f36c4b913ea690050508f17b95300d07bda51c82d1dedf7c9be2b9476429d7cf,f36c4b913ea690050508f17b95300d07bda51c82d1dedf7c9be2b9476429d7cf,True
quotecore-plus/app/lib/storage/buckets.ts,fc595778bfc7594e1f2d399835ec04d8aa270c49dc5ba212ae634c33d328aead,fc595778bfc7594e1f2d399835ec04d8aa270c49dc5ba212ae634c33d328aead,True
quotecore-plus/app/lib/storage/helpers.ts,5929e2011b61198a20507e022972dc0c2fcf6f6d672c403681fb3247414bfe05,5929e2011b61198a20507e022972dc0c2fcf6f6d672c403681fb3247414bfe05,True
quotecore-plus/app/lib/supabase/admin.ts,df62176d1f524ecd0141f1d21e307fc80b8f7d98fe721bbbda99ac134551ba88,df62176d1f524ecd0141f1d21e307fc80b8f7d98fe721bbbda99ac134551ba88,True
quotecore-plus/app/lib/supabase/client.ts,1bec08f43933d1d7b2a0ce4d42bc923343ee6e9961641e178a7aa51353b17b8f,1bec08f43933d1d7b2a0ce4d42bc923343ee6e9961641e178a7aa51353b17b8f,True
quotecore-plus/app/lib/supabase/cookie-config.ts,9e81d4e1cb7fec177881a5195ff1adc538a2612b14a134e023f8eb134ffc509f,9e81d4e1cb7fec177881a5195ff1adc538a2612b14a134e023f8eb134ffc509f,True
quotecore-plus/app/lib/supabase/database.types.ts,e5cd7d7d925eca5348e7d53ec7d0ab12e1010b3dc1c432f9092346489f04a36d,e5cd7d7d925eca5348e7d53ec7d0ab12e1010b3dc1c432f9092346489f04a36d,True
quotecore-plus/app/lib/supabase/free-client.ts,930c5055eb9b270c2727d4b575d049a7dd5a411554575c2adc3200fb2060321b,930c5055eb9b270c2727d4b575d049a7dd5a411554575c2adc3200fb2060321b,True
quotecore-plus/app/lib/supabase/server.ts,8b9ee4965511b76d379b342043d0913da5a7f4b2bcbd9ee9ae8a9ac2444651f3,8b9ee4965511b76d379b342043d0913da5a7f4b2bcbd9ee9ae8a9ac2444651f3,True
quotecore-plus/app/lib/supabase/sync-fields.ts,2ccf8b898f77d76dd1293522a07d3bccb19e7187462c85ec5517fe28978cad84,2ccf8b898f77d76dd1293522a07d3bccb19e7187462c85ec5517fe28978cad84,True
quotecore-plus/app/lib/supplier-pricing/publishedTakeoffLibrary.test.ts,eff202ec644d96776ab99f0b7e953da8943edf11269abaf21322b5efb1a98238,eff202ec644d96776ab99f0b7e953da8943edf11269abaf21322b5efb1a98238,True
quotecore-plus/app/lib/supplier-pricing/publishedTakeoffLibrary.ts,623c718ead34339e05324be446d2c5107b2ecf0d77fc4a07df206c369a9ca1be,623c718ead34339e05324be446d2c5107b2ecf0d77fc4a07df206c369a9ca1be,True
quotecore-plus/app/lib/supplier-pricing/supplierEnquiry.ts,84a3d6aabe283b1cd3bf02f18b841ced8dba06a895a3a816499fd7c46c3d59bd,84a3d6aabe283b1cd3bf02f18b841ced8dba06a895a3a816499fd7c46c3d59bd,True
quotecore-plus/app/lib/supplier-pricing/supplierPricingService.test.ts,182c7f9bd6b1c423f0120783fdf872f5ed9616578dc3a7d32afed635d4a13de1,182c7f9bd6b1c423f0120783fdf872f5ed9616578dc3a7d32afed635d4a13de1,True
quotecore-plus/app/lib/supplier-pricing/supplierPricingService.ts,e04e38f504d881201c7d27b502e46836cb6ddb2fcf6b97ab9ddd93fef3fdbddd,e04e38f504d881201c7d27b502e46836cb6ddb2fcf6b97ab9ddd93fef3fdbddd,True
quotecore-plus/app/lib/takeoff/ai-prompt-v3.ts,9250d492bf9afd1a9ce662bd2b8c9a3f3fc6caf990354caad3bbd1b7dcab0ad0,9250d492bf9afd1a9ce662bd2b8c9a3f3fc6caf990354caad3bbd1b7dcab0ad0,True
quotecore-plus/app/lib/takeoff/aiComponentRegistry.ts,b79135e3864482ed30e01544dde8e4695ee82d2bc06820c9ad7d68665df14c17,b79135e3864482ed30e01544dde8e4695ee82d2bc06820c9ad7d68665df14c17,True
quotecore-plus/app/lib/takeoff/applyAiResults.ts,eb110b8a4c02fd1a92906cdad49e3ad85b00d0531fdc0a1e602ab5df83f15b6c,eb110b8a4c02fd1a92906cdad49e3ad85b00d0531fdc0a1e602ab5df83f15b6c,True
quotecore-plus/app/lib/takeoff/calibration.test.ts,ca1088ab67d92a8c571689667c2e9256d5d73e44d288c333ea158eaea65fea75,ca1088ab67d92a8c571689667c2e9256d5d73e44d288c333ea158eaea65fea75,True
quotecore-plus/app/lib/takeoff/calibration.ts,4600242c56fd6ffbbf183a4b5f5cdf3c0d63b3ee7fe726e48de198c4e83c1c6f,4600242c56fd6ffbbf183a4b5f5cdf3c0d63b3ee7fe726e48de198c4e83c1c6f,True
quotecore-plus/app/lib/takeoff/calibrationApiClientCore.test.ts,a4744aa1af8c314fa34390ef7896a000b256058025744c3162dffe506a51290b,a4744aa1af8c314fa34390ef7896a000b256058025744c3162dffe506a51290b,True
quotecore-plus/app/lib/takeoff/calibrationApiClientCore.ts,307f12301cadca8293f20596cdab5fa31a5a1b6cf136a9ecb7b70bb63d763cc5,307f12301cadca8293f20596cdab5fa31a5a1b6cf136a9ecb7b70bb63d763cc5,True
quotecore-plus/app/lib/takeoff/calibrationCandidates.test.ts,8ec79303d636e63db3980341a94d9458f68e11ba96804d1614ed5fa29770e07f,8ec79303d636e63db3980341a94d9458f68e11ba96804d1614ed5fa29770e07f,True
quotecore-plus/app/lib/takeoff/calibrationCandidates.ts,1b7490aa8bba3d2a6cd4bd99bd2d2a34aaaba97299f8718530f77b05564169aa,1b7490aa8bba3d2a6cd4bd99bd2d2a34aaaba97299f8718530f77b05564169aa,True
quotecore-plus/app/lib/takeoff/calibrationCodec.test.ts,d12c80742077ef533429c3be090507c0e86dc331760b9a627a536c38e41c6277,d12c80742077ef533429c3be090507c0e86dc331760b9a627a536c38e41c6277,True
quotecore-plus/app/lib/takeoff/calibrationCodec.ts,19681f8db45ddf38e93705cf7210043978e9fd8b64c241db4ba1fa375fdb3e5d,19681f8db45ddf38e93705cf7210043978e9fd8b64c241db4ba1fa375fdb3e5d,True
quotecore-plus/app/lib/takeoff/calibrationCommit.test.ts,c43242dc76201ec0bab42c09f0474411b915629450c7a5e55f1fc5e7c491a410,c43242dc76201ec0bab42c09f0474411b915629450c7a5e55f1fc5e7c491a410,True
quotecore-plus/app/lib/takeoff/calibrationCommit.ts,b3f9f1972040b7694f69ddaf2d84ed0632ea1207194608a91f6d7fb9ffcabb0e,b3f9f1972040b7694f69ddaf2d84ed0632ea1207194608a91f6d7fb9ffcabb0e,True
quotecore-plus/app/lib/takeoff/calibrationControllerStart.test.ts,5c3178cb048a0e0101914fb96c3db3dfc475f98dab41b0881b78c2f057aa5a0b,5c3178cb048a0e0101914fb96c3db3dfc475f98dab41b0881b78c2f057aa5a0b,True
quotecore-plus/app/lib/takeoff/calibrationCoordinates.test.ts,68e666557e6d84566c0b2a39669ee56c82b6ced933dd00982f030d545dfa94c7,68e666557e6d84566c0b2a39669ee56c82b6ced933dd00982f030d545dfa94c7,True
quotecore-plus/app/lib/takeoff/calibrationCoordinates.ts,2ba5edda4e023305b5405181d7bcdf562804d3bf10b5d1f9664603480be410e9,2ba5edda4e023305b5405181d7bcdf562804d3bf10b5d1f9664603480be410e9,True
quotecore-plus/app/lib/takeoff/calibrationEvidence.test.ts,208fcfe8f3708286b893adcade085e2d5d990ed50431457d487166b6a5d983d1,208fcfe8f3708286b893adcade085e2d5d990ed50431457d487166b6a5d983d1,True
quotecore-plus/app/lib/takeoff/calibrationEvidence.ts,70fac6dd703f86f42149033de6429f488ca6c71eba7f6d497d0fa8269e14f830,70fac6dd703f86f42149033de6429f488ca6c71eba7f6d497d0fa8269e14f830,True
quotecore-plus/app/lib/takeoff/calibrationFlag.ts,fe8d0bf7e31ac38123d46e061ac0d8ca21ad1efbffa665a6f95c1cab5ad55c20,fe8d0bf7e31ac38123d46e061ac0d8ca21ad1efbffa665a6f95c1cab5ad55c20,True
quotecore-plus/app/lib/takeoff/calibrationImageRevision.ts,d122b0f40a9a293e1b49355aa0c2d1a161e71998e75501739bff962fd7b46cf4,d122b0f40a9a293e1b49355aa0c2d1a161e71998e75501739bff962fd7b46cf4,True
quotecore-plus/app/lib/takeoff/calibrationLedger.test.ts,4f7d6ddb6783ff98499a1654b2dcfc3333dd44d269c7d3f0fcc2903d9d3f7c69,4f7d6ddb6783ff98499a1654b2dcfc3333dd44d269c7d3f0fcc2903d9d3f7c69,True
quotecore-plus/app/lib/takeoff/calibrationLedger.ts,daefbdce87314c2e982b7167a50577ad95caa4883cf8869fe1c1f2d7dd303a62,daefbdce87314c2e982b7167a50577ad95caa4883cf8869fe1c1f2d7dd303a62,True
quotecore-plus/app/lib/takeoff/calibrationPageState.test.ts,2acbd42b0729b644a5785a9589860feecb2b5b2e42573dcde3606182a18e4f10,2acbd42b0729b644a5785a9589860feecb2b5b2e42573dcde3606182a18e4f10,True
quotecore-plus/app/lib/takeoff/calibrationPageState.ts,20dbf2c69d09e1a63b1594de3c3072346b141991267d9ebcd66c015efdca063e,20dbf2c69d09e1a63b1594de3c3072346b141991267d9ebcd66c015efdca063e,True
quotecore-plus/app/lib/takeoff/calibrationRecompute.test.ts,97cc52b7afb47104d5b5e3c852a5bffd4edfc7621fb8397626bbc3b2bbc40159,97cc52b7afb47104d5b5e3c852a5bffd4edfc7621fb8397626bbc3b2bbc40159,True
quotecore-plus/app/lib/takeoff/calibrationRecompute.ts,722055cbbe154812781a1f8d753cd503353cee037ca4da54bb23aa660bcbc855,722055cbbe154812781a1f8d753cd503353cee037ca4da54bb23aa660bcbc855,True
quotecore-plus/app/lib/takeoff/calibrationRefine.test.ts,868147ef0049713bbf5c364f17d15f274803aa811c4bd5d217ae68d09ebe12e8,868147ef0049713bbf5c364f17d15f274803aa811c4bd5d217ae68d09ebe12e8,True
quotecore-plus/app/lib/takeoff/calibrationRefine.ts,a6f0ea33da8bdb49b3bee5d9879e31409e4f758ba12bd587e0b731d8fb7cc52e,a6f0ea33da8bdb49b3bee5d9879e31409e4f758ba12bd587e0b731d8fb7cc52e,True
quotecore-plus/app/lib/takeoff/calibrationSession.test.ts,d8a9c31bb2aad38a32116939f4a8916e7e6959efc286b30af6e9dd4bab2ac912,d8a9c31bb2aad38a32116939f4a8916e7e6959efc286b30af6e9dd4bab2ac912,True
quotecore-plus/app/lib/takeoff/calibrationSession.ts,3eb13b93cd982c0c02152e7e84f5cc1af0c96b1b70b60d1447d05589b455ff93,3eb13b93cd982c0c02152e7e84f5cc1af0c96b1b70b60d1447d05589b455ff93,True
quotecore-plus/app/lib/takeoff/calibrationSessionEndpointEdit.test.ts,4cf9e6a2893488dce8465ec188e258a9b4c931eba1df9e5c649a95a05449418c,4cf9e6a2893488dce8465ec188e258a9b4c931eba1df9e5c649a95a05449418c,True
quotecore-plus/app/lib/takeoff/calibrationTypes.ts,f72f11ce196cfc76761755149f7cc08dccd35bb1add15f3ee14243df5b012990,f72f11ce196cfc76761755149f7cc08dccd35bb1add15f3ee14243df5b012990,True
quotecore-plus/app/lib/takeoff/calibrationValueCopy.test.ts,cc9f39a527a872927802fd0d7bea06ea3fa0bf0a4e8dfa9905ed20a3ac62352c,cc9f39a527a872927802fd0d7bea06ea3fa0bf0a4e8dfa9905ed20a3ac62352c,True
quotecore-plus/app/lib/takeoff/calibrationValueCopy.ts,626ab459f62ff1ae85c1185295d18c72e4d45a46e4693dc96c31368cd576413d,626ab459f62ff1ae85c1185295d18c72e4d45a46e4693dc96c31368cd576413d,True
quotecore-plus/app/lib/takeoff/calibrationVision.test.ts,a28bc10c86dc33c6c9d4c907e6fed33a61e1633284066ce21c8d975a6e337764,a28bc10c86dc33c6c9d4c907e6fed33a61e1633284066ce21c8d975a6e337764,True
quotecore-plus/app/lib/takeoff/calibrationVision.ts,5b9f2470d2da1eec14e5879c2897a755b8ea2d3453d53e2d45cd2cc3b4d847ca,5b9f2470d2da1eec14e5879c2897a755b8ea2d3453d53e2d45cd2cc3b4d847ca,True
quotecore-plus/app/lib/takeoff/outlineGeometry.ts,56c358bf18145d1d0cc6436a2b1d5418de694d5eb4fe7290e265c1bddacadc8f,56c358bf18145d1d0cc6436a2b1d5418de694d5eb4fe7290e265c1bddacadc8f,True
quotecore-plus/app/lib/takeoff/pointCost.ts,61a4b503879d0ca77ec4a62002b4ef8da0ff61a66bfb04b6639a99f15017d6fa,61a4b503879d0ca77ec4a62002b4ef8da0ff61a66bfb04b6639a99f15017d6fa,True
quotecore-plus/app/lib/takeoff/reconstructCanvas.ts,0ea8901c67a26e28dfbad6021f21661b286d3f38d12901893f16435b49f6f078,0ea8901c67a26e28dfbad6021f21661b286d3f38d12901893f16435b49f6f078,True
quotecore-plus/app/lib/takeoff/reconstructTypes.ts,066c5e3f28723684193d0eec6981ad64489a34606e1135146807b1ccc0eabbf5,066c5e3f28723684193d0eec6981ad64489a34606e1135146807b1ccc0eabbf5,True
quotecore-plus/app/lib/takeoff/scan-engine.ts,dd5b98aca6ba51e03e3cc26fb19b6941051733a8dd8c98ad2cd8180fe59e63f3,dd5b98aca6ba51e03e3cc26fb19b6941051733a8dd8c98ad2cd8180fe59e63f3,True
quotecore-plus/app/lib/takeoff/scan-worker.ts,224f880b5a2d54cab8676aad67513dc72b5ba6cfe1d0352cbb1f822ed05d9858,224f880b5a2d54cab8676aad67513dc72b5ba6cfe1d0352cbb1f822ed05d9858,True
quotecore-plus/app/lib/takeoff/scanOverlay.ts,29b387ab2205b01b80d07f3b094c6058025dc4b14dee8269a34fce7d4de08a13,29b387ab2205b01b80d07f3b094c6058025dc4b14dee8269a34fce7d4de08a13,True
quotecore-plus/app/lib/takeoff/scanPostprocess.ts,f94d80693b999c8d3c551f81eb414ab9c1f530fcfe800933ecc4398c94cfd05d,f94d80693b999c8d3c551f81eb414ab9c1f530fcfe800933ecc4398c94cfd05d,True
quotecore-plus/app/lib/takeoff/strokeStyle.ts,be8e41c12dec12f72df5bf90ebabbef2e4954760f9ef2bb5c9619ecbecd2acd9,be8e41c12dec12f72df5bf90ebabbef2e4954760f9ef2bb5c9619ecbecd2acd9,True
quotecore-plus/app/lib/takeoff/takeoffTouchFlag.ts,044aeb615d4dfa7ca301503cad4d9a7a3664b6a3b6b2a8c3a6082e245d309a5f,044aeb615d4dfa7ca301503cad4d9a7a3664b6a3b6b2a8c3a6082e245d309a5f,True
quotecore-plus/app/lib/takeoff/tool-for-measurement-type.ts,1a97179b2760abce887a2012d72f737735fb108b28b599d2cdd1b2289a50d61d,1a97179b2760abce887a2012d72f737735fb108b28b599d2cdd1b2289a50d61d,True
quotecore-plus/app/lib/takeoff/useCanvasHistory.ts,f54ef78af2c6ca22b6287d3f82bb0a5ff698601c926caa6d5767921cddd68818,f54ef78af2c6ca22b6287d3f82bb0a5ff698601c926caa6d5767921cddd68818,True
quotecore-plus/app/lib/takeoff/useStateHistory.ts,af2b22e5a9d77cec0baf42a867d270b719c867fbf2ed846d11a0e416904131bd,af2b22e5a9d77cec0baf42a867d270b719c867fbf2ed846d11a0e416904131bd,True
quotecore-plus/app/lib/takeoff/precision/CalibrationCanvas.tsx,f183e435c0793b1f23d6b2744af0285ed25f703d9d57908e97ed447189cac0f7,f183e435c0793b1f23d6b2744af0285ed25f703d9d57908e97ed447189cac0f7,True
quotecore-plus/app/lib/takeoff/precision/CalibrationSheet.tsx,764f3ae91635930fd58bab79460fe13706f8a56ee25a2963a243c3fc5200efb2,764f3ae91635930fd58bab79460fe13706f8a56ee25a2963a243c3fc5200efb2,True
quotecore-plus/app/lib/takeoff/precision/ComponentsCanvas.tsx,85d7c0b3d2fee44f6f07d6920fd808e0670ca3d74fa7f99e34d87187fd9d33fb,85d7c0b3d2fee44f6f07d6920fd808e0670ca3d74fa7f99e34d87187fd9d33fb,True
quotecore-plus/app/lib/takeoff/precision/EndpointControllerRail.tsx,b1f30d93be8846d43cd96dbf88ebdca610572f14b70491f04fd3a7aaab3b1b67,b1f30d93be8846d43cd96dbf88ebdca610572f14b70491f04fd3a7aaab3b1b67,True
quotecore-plus/app/lib/takeoff/precision/FloatingCanvasSheet.tsx,7c8e18fbee4d62429ded3ce7f51551dfb216d49c9a20b388dec77bad7dc3c62b,7c8e18fbee4d62429ded3ce7f51551dfb216d49c9a20b388dec77bad7dc3c62b,True
quotecore-plus/app/lib/takeoff/precision/immersiveWorkspace.tsx,8ab3e2b7f3037ac3deb4531fe474809fd8ae0c9b94aef9d2b75f850575e3551a,8ab3e2b7f3037ac3deb4531fe474809fd8ae0c9b94aef9d2b75f850575e3551a,True
quotecore-plus/app/lib/takeoff/precision/keyboardlessTouch.test.ts,25c37ba554c668b2063dcb39300f3a35bc94ce4ef865dc2655e731881ce4cdc5,25c37ba554c668b2063dcb39300f3a35bc94ce4ef865dc2655e731881ce4cdc5,True
quotecore-plus/app/lib/takeoff/precision/NumericRail.tsx,e2be3bb3928b6959dfbb307f7f0eea52b77f62869627115c8e8fb3ec84fce389,e2be3bb3928b6959dfbb307f7f0eea52b77f62869627115c8e8fb3ec84fce389,True
quotecore-plus/app/lib/takeoff/precision/OutlineCanvas.tsx,c9f2aaac9e2bdc10d9f8bfe4fffb960685afb848f09b1b618021eec46d3e6e39,c9f2aaac9e2bdc10d9f8bfe4fffb960685afb848f09b1b618021eec46d3e6e39,True
quotecore-plus/app/lib/takeoff/precision/PointControllerRail.tsx,ba4e260a7b5651c170e3e59ae6fc6951ad9a850c6972a2ec1b1a25f104ffd02c,ba4e260a7b5651c170e3e59ae6fc6951ad9a850c6972a2ec1b1a25f104ffd02c,True
quotecore-plus/app/lib/takeoff/precision/pointNavigation.test.ts,d3e5e73f151627e85534c968200b2c15849f7f08075129b6c1415bf03706348d,d3e5e73f151627e85534c968200b2c15849f7f08075129b6c1415bf03706348d,True
quotecore-plus/app/lib/takeoff/precision/pointNavigation.ts,eda17333f889b8b4fe40ae315d0a4f7c8d89ce5edd491634afe1c766eb2b4100,eda17333f889b8b4fe40ae315d0a4f7c8d89ce5edd491634afe1c766eb2b4100,True
quotecore-plus/app/lib/takeoff/precision/precisionEditor.test.ts,b166403219be8b28c623c79c3e8edd58b3c52f65e1dccb32ca06cbe3457957e9,b166403219be8b28c623c79c3e8edd58b3c52f65e1dccb32ca06cbe3457957e9,True
quotecore-plus/app/lib/takeoff/precision/precisionEditor.ts,029e5c5b4a43683fb80ed524eb833c7acfcd10f8a6d5651cc84a29e50db536b5,029e5c5b4a43683fb80ed524eb833c7acfcd10f8a6d5651cc84a29e50db536b5,True
quotecore-plus/app/lib/takeoff/precision/precisionGeometry.test.ts,e00a3339b0cf80094cdd5433d195112cb25be7b9bdf743493a3ba63354ba8d57,e00a3339b0cf80094cdd5433d195112cb25be7b9bdf743493a3ba63354ba8d57,True
quotecore-plus/app/lib/takeoff/precision/precisionGeometry.ts,62bb0ece7756e38d808585c5f8f7fb9f48777a2b6037b4d3f06490325186d9d9,62bb0ece7756e38d808585c5f8f7fb9f48777a2b6037b4d3f06490325186d9d9,True
quotecore-plus/app/lib/takeoff/precision/precisionGestureMachine.test.ts,e1bb310f58b5838b7e6a384d199f9222c5b09faadf51e59f2a271838d453e1de,e1bb310f58b5838b7e6a384d199f9222c5b09faadf51e59f2a271838d453e1de,True
quotecore-plus/app/lib/takeoff/precision/precisionGestureMachine.ts,a50b8452f464b0c9c58dcaa041469c4e42528a8624a32404ecfd753a7acbcff7,a50b8452f464b0c9c58dcaa041469c4e42528a8624a32404ecfd753a7acbcff7,True
quotecore-plus/app/lib/takeoff/precision/PrecisionTouchHarness.tsx,dcd45f239f9b2301a3541b37fa2780db196212bf77f3cfc3b2526dacb31393b5,dcd45f239f9b2301a3541b37fa2780db196212bf77f3cfc3b2526dacb31393b5,True
quotecore-plus/app/lib/takeoff/precision/precisionTypes.ts,e5bfdcbd23eca119a78e643fd5d2807058a5892d78317d705b052344f99fae8c,e5bfdcbd23eca119a78e643fd5d2807058a5892d78317d705b052344f99fae8c,True
quotecore-plus/app/lib/takeoff/precision/precisionWorkedExamples.test.ts,fe1f45fee3b10b9155b2680f13fbbb190d0159b22880397b0732471d35339549,fe1f45fee3b10b9155b2680f13fbbb190d0159b22880397b0732471d35339549,True
quotecore-plus/app/lib/takeoff/precision/sceneViewport.test.ts,4693928acb9f904fe1610180233395dc846f1a25df7b965e669858c8c633e857,4693928acb9f904fe1610180233395dc846f1a25df7b965e669858c8c633e857,True
quotecore-plus/app/lib/takeoff/precision/sceneViewport.ts,13ac1126d34078bafd302b09df5ca965e2c4067933a98abadfd8fd5e32ba168b,13ac1126d34078bafd302b09df5ca965e2c4067933a98abadfd8fd5e32ba168b,True
quotecore-plus/app/lib/takeoff/precision/takeoffDiagnostics.ts,10e146712e57c07d211c22a78d26e40e2bbfe4cb25e30890fc857bbd525cc33b,10e146712e57c07d211c22a78d26e40e2bbfe4cb25e30890fc857bbd525cc33b,True
quotecore-plus/app/lib/takeoff/precision/touchAiOutline.test.ts,5ba1b313fe354f24b7ee1373d04decb9b8d0c0d4ea5db7f2a289f115737089b4,5ba1b313fe354f24b7ee1373d04decb9b8d0c0d4ea5db7f2a289f115737089b4,True
quotecore-plus/app/lib/takeoff/precision/touchAiOutline.ts,a754bee1bcfb6fc2a037728474341a628d9e3c8fe6bb9207f7cdc33df478e112,a754bee1bcfb6fc2a037728474341a628d9e3c8fe6bb9207f7cdc33df478e112,True
quotecore-plus/app/lib/takeoff/precision/touchCalibration.ts,e6434713b962a3ca9f62ab24dcd82da6aa6c0ff1b26a534e5d3e64471f51ceb5,e6434713b962a3ca9f62ab24dcd82da6aa6c0ff1b26a534e5d3e64471f51ceb5,True
quotecore-plus/app/lib/takeoff/precision/touchCalibrationFlow.ts,f71ccb2796088ebcfc8b62624592cedf21512c0e7a33350ac6b2f73a72267495,f71ccb2796088ebcfc8b62624592cedf21512c0e7a33350ac6b2f73a72267495,True
quotecore-plus/app/lib/takeoff/precision/TouchCalibrationWorkspace.tsx,a55d16493a853240e3d6cd402976509b43e4e2b637bc9353064ce13c90dce9f2,a55d16493a853240e3d6cd402976509b43e4e2b637bc9353064ce13c90dce9f2,True
quotecore-plus/app/lib/takeoff/precision/touchCamera.ts,ef48e836ad0a2995fef505446380320cbeb496d6ee20df9d6ce33ad0a4bb2680,ef48e836ad0a2995fef505446380320cbeb496d6ee20df9d6ce33ad0a4bb2680,True
quotecore-plus/app/lib/takeoff/precision/touchComponents.ts,40f7dbb1f453d8297b7cfb3bab99065a7c4f7a08fac4aeb6abb38a78ff1210d8,40f7dbb1f453d8297b7cfb3bab99065a7c4f7a08fac4aeb6abb38a78ff1210d8,True
quotecore-plus/app/lib/takeoff/precision/TouchComponentsRail.tsx,1a185444d87444bd719c26282db1fe509da52a3163e124652c227eabecde9096,1a185444d87444bd719c26282db1fe509da52a3163e124652c227eabecde9096,True
quotecore-plus/app/lib/takeoff/precision/touchNumberEntry.ts,f1ad6af82d6532a10f9948a066a959715b90afff2b9f23478be86051d41dda7c,f1ad6af82d6532a10f9948a066a959715b90afff2b9f23478be86051d41dda7c,True
quotecore-plus/app/lib/takeoff/precision/TouchOutlineEditor.tsx,d1dcc766a9d63c49880c98a04a17a0d9079c410eeb382cb258c6de107986e0c4,d1dcc766a9d63c49880c98a04a17a0d9079c410eeb382cb258c6de107986e0c4,True
quotecore-plus/app/lib/takeoff/precision/TouchOutlineRail.tsx,bd057f85f097748f0c0314dd2ee88a442e54543d72da6a5400c21fd0deb9eb2e,bd057f85f097748f0c0314dd2ee88a442e54543d72da6a5400c21fd0deb9eb2e,True
quotecore-plus/app/lib/takeoff/precision/touchOutlines.test.ts,e4d9dc13eb1a567a459613c4398143cfdcfadfb646719659fa964332225f6820,e4d9dc13eb1a567a459613c4398143cfdcfadfb646719659fa964332225f6820,True
quotecore-plus/app/lib/takeoff/precision/touchOutlines.ts,406d376025c4472786c9b379ac96956014c38dc5fc3e3e2802a35ffdc809a6ad,406d376025c4472786c9b379ac96956014c38dc5fc3e3e2802a35ffdc809a6ad,True
quotecore-plus/app/lib/takeoff/precision/TouchRailControls.tsx,4427987e063cb3e7d5d1c368bda488f5d01a24a21c988dc03635883ee10d31e9,4427987e063cb3e7d5d1c368bda488f5d01a24a21c988dc03635883ee10d31e9,True
quotecore-plus/app/lib/takeoff/precision/touchSaveFlight.ts,e999ae4d6d0a36a59bd734922b9ce618a57621cdc2eb45f03c527ec906490ad9,e999ae4d6d0a36a59bd734922b9ce618a57621cdc2eb45f03c527ec906490ad9,True
quotecore-plus/app/lib/takeoff/precision/TouchWorkspaceShell.tsx,4e62aad8a36357b151cc163985fa4d8d5839070b27ba2075a9fbb76cdb0b4bf3,4e62aad8a36357b151cc163985fa4d8d5839070b27ba2075a9fbb76cdb0b4bf3,True
quotecore-plus/app/lib/takeoff/precision/usePlanRaster.ts,a207569be3847d9506897ac7f6caa542c53d591a03b33311896fc54c809bbc8d,a207569be3847d9506897ac7f6caa542c53d591a03b33311896fc54c809bbc8d,True
quotecore-plus/app/lib/takeoff/precision/usePrecisionCamera.ts,495dcf42e36328912ee24c2eaa5935381d77c78e403662452c29461525765160,495dcf42e36328912ee24c2eaa5935381d77c78e403662452c29461525765160,True
quotecore-plus/app/lib/takeoff/precision/usePrecisionPointerInput.ts,0bcb4fc6fe9ddd824a3529ee5ca371e2eb44f1b04b56f00717ad033c26fcd44a,0bcb4fc6fe9ddd824a3529ee5ca371e2eb44f1b04b56f00717ad033c26fcd44a,True
quotecore-plus/app/lib/takeoff/precision/useTakeoffViewMode.ts,6eabbb3ef4704f200e176c098713c995f7545adca5cab1f5d48fb77a36098b3a,6eabbb3ef4704f200e176c098713c995f7545adca5cab1f5d48fb77a36098b3a,True
quotecore-plus/app/lib/takeoff/precision/useTouchComponents.tsx,b47fc76ddd2dc3e87ab71a56e7465508151644047cd29458c58ccdf71de641c4,b47fc76ddd2dc3e87ab71a56e7465508151644047cd29458c58ccdf71de641c4,True
quotecore-plus/app/lib/takeoff/precision/useVisualViewportBounds.ts,78a4c56b50314e8d79a0ae332582ec90fc58fc801fe39c72827d7ef8601e064d,78a4c56b50314e8d79a0ae332582ec90fc58fc801fe39c72827d7ef8601e064d,True
quotecore-plus/app/lib/takeoff/precision/viewMode.test.ts,cb9e18cec5e10816b7231f1e7d08186eb8bc1d812b0b6f397532ad24d8b038f2,cb9e18cec5e10816b7231f1e7d08186eb8bc1d812b0b6f397532ad24d8b038f2,True
quotecore-plus/app/lib/takeoff/precision/viewMode.ts,cbb5158b8dcb85d8fc2e888a8ba5522c4990a1bfa0cb2fabc4b46d934a7f78da,cbb5158b8dcb85d8fc2e888a8ba5522c4990a1bfa0cb2fabc4b46d934a7f78da,True
quotecore-plus/app/lib/taxes/actions.ts,362173ffec962080ed42fc64d4a4b7ed22d5bf49caf77349b32629af986d6e71,362173ffec962080ed42fc64d4a4b7ed22d5bf49caf77349b32629af986d6e71,True
quotecore-plus/app/lib/taxes/seed.ts,5dacd5c9baee7ace77f0cfe5c4b2368cd9ded546add6ae98e2b3d2c3bde61574,5dacd5c9baee7ace77f0cfe5c4b2368cd9ded546add6ae98e2b3d2c3bde61574,True
quotecore-plus/app/lib/taxes/types.ts,0802fd9405c3398e479760c7493b833ccf7204924246e5f0ba9ff23756ebaaeb,0802fd9405c3398e479760c7493b833ccf7204924246e5f0ba9ff23756ebaaeb,True
quotecore-plus/app/lib/trades/assertCompatible.ts,7e5c049267b4312a6dcb17a149d1f255ab541ab8b0c4179cd0b742cee1963692,7e5c049267b4312a6dcb17a149d1f255ab541ab8b0c4179cd0b742cee1963692,True
quotecore-plus/app/lib/trades/labels.ts,6265a9c81aeb87891e54f1d312e9bd19cbe196a2ec3d38b59cab4c3c8108a59b,6265a9c81aeb87891e54f1d312e9bd19cbe196a2ec3d38b59cab4c3c8108a59b,True
quotecore-plus/app/lib/trades/measurement-type-whitelist.ts,500beb36810a73629f221ad57a1c814a5f6516617580f7164e4da73b5e1930ec,500beb36810a73629f221ad57a1c814a5f6516617580f7164e4da73b5e1930ec,True
quotecore-plus/app/login/actions.ts,074f79f3c426fda913e150e6fbe6b9187a398f17d8dd4d9df83422439a906e9f,074f79f3c426fda913e150e6fbe6b9187a398f17d8dd4d9df83422439a906e9f,True
quotecore-plus/app/login/recover/actions.ts,c33b0fd9f94d881dfa28fabbcc8703e6846090d21b552b7540f1d5da8bba5ba2,c33b0fd9f94d881dfa28fabbcc8703e6846090d21b552b7540f1d5da8bba5ba2,True
quotecore-plus/app/m/[token]/actions.ts,e44ec6555cd0dc6425f10e379d07ea3e1fec253ac332fe257d4ac83c3a58bde0,e44ec6555cd0dc6425f10e379d07ea3e1fec253ac332fe257d4ac83c3a58bde0,True
quotecore-plus/app/orders/[token]/actions.ts,135dd1e6a28e921889ed7cc2593f57c90e5d6f6f5506da40df9518580b15d2be,135dd1e6a28e921889ed7cc2593f57c90e5d6f6f5506da40df9518580b15d2be,True
quotecore-plus/app/signup/actions.ts,4499c863f40d1c477d3e48f89557d669d01007c3573d6a4bee0920ff88e0bb28,4499c863f40d1c477d3e48f89557d669d01007c3573d6a4bee0920ff88e0bb28,True
quotecore-plus/app/unsubscribe/[token]/actions.ts,2020921a71922ba0f9a5e7ad2be8cbbeede91a6bd55f50b20c8f665397142bf8,2020921a71922ba0f9a5e7ad2be8cbbeede91a6bd55f50b20c8f665397142bf8,True
quotecore-plus/backend/migrations/20260607120000_invoices.sql,5ebb4a99376f22eb6dcde9f4328a77ecb8a08b4ecf9a271afab3962c8ed83b28,5ebb4a99376f22eb6dcde9f4328a77ecb8a08b4ecf9a271afab3962c8ed83b28,True
quotecore-plus/backend/migrations/20260607130000_payment_details.sql,a844d1920bd5178d28c635035b19d38714589b72af0ce0e01f1d578bed0b6c81,a844d1920bd5178d28c635035b19d38714589b72af0ce0e01f1d578bed0b6c81,True
quotecore-plus/backend/migrations/20260607140000_invoice_templates.sql,051b04f7b01a29d3b2d12d6153b006ac4e44cf74cdfc3ae3f20aeb13af6eb81e,051b04f7b01a29d3b2d12d6153b006ac4e44cf74cdfc3ae3f20aeb13af6eb81e,True
quotecore-plus/backend/migrations/20260607150000_invoice_line_toggles.sql,bc98d2ca10e82cfe9f8688fd80cd074442959500bbb9cb978167677de82da0e0,bc98d2ca10e82cfe9f8688fd80cd074442959500bbb9cb978167677de82da0e0,True
quotecore-plus/backend/migrations/20260607160000_invoice_send_kind.sql,7d9e813c0d90a1bdd87d1205947fedb3047e7c03d1706cf1c5587660b80bcef9,7d9e813c0d90a1bdd87d1205947fedb3047e7c03d1706cf1c5587660b80bcef9,True
quotecore-plus/backend/migrations/20260607170000_invoice_line_include_in_total.sql,70639eb0a135bea7047cf65ece37f4d80f52f3ae61ce1e1d0e75cbc8aac2e40e,70639eb0a135bea7047cf65ece37f4d80f52f3ae61ce1e1d0e75cbc8aac2e40e,True
quotecore-plus/backend/migrations/20260608120000_seed_starter_components_bypass_cap.sql,5b0d89bea0cc712425bbf23b81d3293433604de2b74ea67805375c47a4925562,5b0d89bea0cc712425bbf23b81d3293433604de2b74ea67805375c47a4925562,True
quotecore-plus/backend/supabase/BACKUP_2026-04-04_schema_snapshot.sql,70943e2517616a01fe35c67f1d9e81ed7ea550e59edaf6d7ed3d2f85b9e2d61a,70943e2517616a01fe35c67f1d9e81ed7ea550e59edaf6d7ed3d2f85b9e2d61a,True
quotecore-plus/backend/supabase/quotecore_company_language_v1.sql,4daa99b6b3f61b177f743ffd09d9f8be388d9c0d71b60a16b5eed7ea10178e1e,4daa99b6b3f61b177f743ffd09d9f8be388d9c0d71b60a16b5eed7ea10178e1e,True
quotecore-plus/backend/supabase/quotecore_global_extras_v1.sql,3f45445ef21980217fcdd268b350e40af5c00d430f6ae67464f79968ad0ba941,3f45445ef21980217fcdd268b350e40af5c00d430f6ae67464f79968ad0ba941,True
quotecore-plus/backend/supabase/quotecore_rls_auth_v1.sql,6a6562ffc280e3c451243ee9cbd4b9b643330dc08ea8d47a71aee074263599f1,6a6562ffc280e3c451243ee9cbd4b9b643330dc08ea8d47a71aee074263599f1,True
quotecore-plus/backend/supabase/quotecore_roofing_dual_input_v1.sql,f2108f5fbfcf0faa7371e9f380915854f90459e12ca98e294a3df21826c24f07,f2108f5fbfcf0faa7371e9f380915854f90459e12ca98e294a3df21826c24f07,True
quotecore-plus/backend/supabase/quotecore_schema_v1.sql,33aea00f7bb5c37cee3dd56e66a8cba55bbf10cebd2274c27b464610585e0f3f,33aea00f7bb5c37cee3dd56e66a8cba55bbf10cebd2274c27b464610585e0f3f,True
quotecore-plus/backend/supabase/quotecore_v2_patch_001.sql,605227c4dc94f01b9c15992bd2d581602488039794a1c5b73eec2d676a0051ef,605227c4dc94f01b9c15992bd2d581602488039794a1c5b73eec2d676a0051ef,True
quotecore-plus/backend/supabase/quotecore_v2_patch_002.sql,1d52523042a71eeed0558bc6154b6d7d97d3fa31299b5b749b37fa9e70c00a8a,1d52523042a71eeed0558bc6154b6d7d97d3fa31299b5b749b37fa9e70c00a8a,True
quotecore-plus/backend/supabase/quotecore_v2_patch_003.sql,9936012888f3a45426de7bd173183ed6a7377ed6814d0a6f906a40d8e3842b27,9936012888f3a45426de7bd173183ed6a7377ed6814d0a6f906a40d8e3842b27,True
quotecore-plus/backend/supabase/quotecore_v2_patch_004.sql,68f09378f35f7f08b4c4467d27727558302c64a472b8587f127fc8dc9a6148e4,68f09378f35f7f08b4c4467d27727558302c64a472b8587f127fc8dc9a6148e4,True
quotecore-plus/backend/supabase/quotecore_v2_patch_005.sql,51cfe5d368cf158641a6c8d32b5cefe1ceeb30199227be9375ec0a71b2e2fdec,51cfe5d368cf158641a6c8d32b5cefe1ceeb30199227be9375ec0a71b2e2fdec,True
quotecore-plus/backend/supabase/quotecore_v2_patch_006.sql,c90d55bfe684b66aa2aba83e46e70e3786ce1e8671cf0bc2b4d1cd181cc56952,c90d55bfe684b66aa2aba83e46e70e3786ce1e8671cf0bc2b4d1cd181cc56952,True
quotecore-plus/backend/supabase/quotecore_v2_patch_007.sql,50a114706115257c681d2dfd11703c78d96582aaa2866e4b847e75898798a1a0,50a114706115257c681d2dfd11703c78d96582aaa2866e4b847e75898798a1a0,True
quotecore-plus/backend/supabase/quotecore_v2_patch_008.sql,4a22d46b11ef3cc7958fa75a2d608d1d073442ff9041471e0128ef7b1585e3d6,4a22d46b11ef3cc7958fa75a2d608d1d073442ff9041471e0128ef7b1585e3d6,True
quotecore-plus/backend/supabase/quotecore_v2_patch_009.sql,2b022c8060e2d24e6f896064d566e6e95aedd7245e62daacea5c66e9d68590b4,2b022c8060e2d24e6f896064d566e6e95aedd7245e62daacea5c66e9d68590b4,True
quotecore-plus/backend/supabase/quotecore_v2_patch_009_fix.sql,1fa6553a162c14f3d0a15c7f2f180c678377a58a4483c60b4fd285d9aee422c2,1fa6553a162c14f3d0a15c7f2f180c678377a58a4483c60b4fd285d9aee422c2,True
quotecore-plus/backend/supabase/quotecore_v2_patch_010.sql,6ab57c3388f794dc875aa29fe6b9bf543d0dca4f480b12f1607d63c8a36d9d17,6ab57c3388f794dc875aa29fe6b9bf543d0dca4f480b12f1607d63c8a36d9d17,True
quotecore-plus/backend/supabase/quotecore_v2_patch_010_starter_template.sql,d581067d4a766339199e65411f0c659e7e374d6b584fefd953f0c635bf001535,d581067d4a766339199e65411f0c659e7e374d6b584fefd953f0c635bf001535,True
quotecore-plus/backend/supabase/quotecore_v2_patch_011.sql,9be57c662d39a34fc9d381dc8bafcd6c011bac8785bc60228f5472aad028e4a4,9be57c662d39a34fc9d381dc8bafcd6c011bac8785bc60228f5472aad028e4a4,True
quotecore-plus/backend/supabase/quotecore_v2_patch_012.sql,248b35eb0c1147c6dbe9c4a3714b72683db4df66cb1de5edd4c5025e15256ee4,248b35eb0c1147c6dbe9c4a3714b72683db4df66cb1de5edd4c5025e15256ee4,True
quotecore-plus/backend/supabase/quotecore_v2_patch_013_cleanup.sql,c7e9b5a4d49c604625d542ed7aff1b530a68d6f9bc47f774fa17b35bf37136c6,c7e9b5a4d49c604625d542ed7aff1b530a68d6f9bc47f774fa17b35bf37136c6,True
quotecore-plus/backend/supabase/quotecore_v2_patch_014_currency.sql,64723f787db54deae96bdea49e85c70961572934dda389d9dc2af5ac27e79ffa,64723f787db54deae96bdea49e85c70961572934dda389d9dc2af5ac27e79ffa,True
quotecore-plus/backend/supabase/quotecore_v2_patch_014_currency_safe.sql,3cf0eff1df6ef74260a6f32cb8ddc8c450327a27efdaeb9e58b2287c2bb73ad1,3cf0eff1df6ef74260a6f32cb8ddc8c450327a27efdaeb9e58b2287c2bb73ad1,True
quotecore-plus/backend/supabase/quotecore_v2_patch_015_onboarding.sql,334884f0c8b3c4cefdd68ab75bec497080f61efde6c47b0c2c8d2d82b4bf428b,334884f0c8b3c4cefdd68ab75bec497080f61efde6c47b0c2c8d2d82b4bf428b,True
quotecore-plus/backend/supabase/quotecore_v2_patch_016_storage.sql,e3672a78192a1afa41817f7d3cba628712920b9cdadbbac3123e898ff2cb2819,e3672a78192a1afa41817f7d3cba628712920b9cdadbbac3123e898ff2cb2819,True
quotecore-plus/backend/supabase/quotecore_v2_patch_017_template_fields.sql,d97e72d9802873e788061ae101a1e90be928ef4f936b13ad0d1cd968e15af0e7,d97e72d9802873e788061ae101a1e90be928ef4f936b13ad0d1cd968e15af0e7,True
quotecore-plus/backend/supabase/quotecore_v2_patch_018_base_unit_cost.sql,45ae3997e681ba7c20a0813d4052c34ff019f288ec92300cedc0ef8814224e79,45ae3997e681ba7c20a0813d4052c34ff019f288ec92300cedc0ef8814224e79,True
quotecore-plus/backend/supabase/quotecore_v2_rls.sql,eab1c67a16c4774c0884e352f7bd57a14b1d096b2ec271d1e0cdf8e9704bfe82,eab1c67a16c4774c0884e352f7bd57a14b1d096b2ec271d1e0cdf8e9704bfe82,True
quotecore-plus/backend/supabase/quotecore_v2_schema.sql,d1700a1c7756ffc8cd80e754eb9904a925d770cd3a4355938c87487cdb83ece8,d1700a1c7756ffc8cd80e754eb9904a925d770cd3a4355938c87487cdb83ece8,True
quotecore-plus/backend/supabase/migrations/20260413141927_add_measurements_column.sql,2bc61ff97820a0698d8ad65c2f3ae9543acfcc1b4a61079728698388e32a39cc,2bc61ff97820a0698d8ad65c2f3ae9543acfcc1b4a61079728698388e32a39cc,True
quotecore-plus/backend/supabase/migrations/20260413190000_multiple_flashings_per_component.sql,ceb0f9c742307ca13e3219095823cab365bf9ef10a3786a6e533131d52fc90a8,ceb0f9c742307ca13e3219095823cab365bf9ef10a3786a6e533131d52fc90a8,True
quotecore-plus/backend/supabase/migrations/20260413200000_order_templates.sql,6753dd40e725b9012fa359aaede39cb6d3a624c757a2592016acadf0cf67cd4f,6753dd40e725b9012fa359aaede39cb6d3a624c757a2592016acadf0cf67cd4f,True
quotecore-plus/backend/supabase/migrations/20260414120000_add_logo_to_templates.sql,8bba089af393e61dc0cf8211ce7ca790a9634fcc9c16f2ad82628f41eb4d02e5,8bba089af393e61dc0cf8211ce7ca790a9634fcc9c16f2ad82628f41eb4d02e5,True
quotecore-plus/backend/supabase/migrations/20260414133000_add_all_order_fields_to_templates.sql,0fe59e049a24def7498173197e3aac2f296d292f452fddec3e75a744facdd53c,0fe59e049a24def7498173197e3aac2f296d292f452fddec3e75a744facdd53c,True
quotecore-plus/backend/supabase/migrations/20260415100000_material_orders_status_and_state.sql,0ed5479e79f97931f3c979e04ee8e66c2755c2d1e0e84bba39d9c5e377f35a00,0ed5479e79f97931f3c979e04ee8e66c2755c2d1e0e84bba39d9c5e377f35a00,True
quotecore-plus/backend/supabase/migrations/20260415110000_fix_quantity_constraint.sql,69a380206bbd603bdaae8f88803538ba119847bde7e385863b740ca3d293437c,69a380206bbd603bdaae8f88803538ba119847bde7e385863b740ca3d293437c,True
quotecore-plus/backend/supabase/migrations/20260415120000_rename_draft_to_ready.sql,9003076298652be9d3fda84810e228fbea84df63537ceca0057d4a5378940c84,9003076298652be9d3fda84810e228fbea84df63537ceca0057d4a5378940c84,True
quotecore-plus/backend/supabase/migrations/20260422120000_add_job_status.sql,54e5e2082c4fc30c5dfcbb1f7fc073a12923ec0efc5ec8a76c182547278a80db,54e5e2082c4fc30c5dfcbb1f7fc073a12923ec0efc5ec8a76c182547278a80db,True
quotecore-plus/backend/supabase/migrations/20260422130000_quote_acceptance_system.sql,0635545ccf9aef38965b1f1b3d4a0aad65322b5ea628032f17ae62c227b970c4,0635545ccf9aef38965b1f1b3d4a0aad65322b5ea628032f17ae62c227b970c4,True
quotecore-plus/backend/supabase/migrations/20260422140000_email_templates.sql,f1e1bcbaa91353cceb7419425e4ff960d7b004b725121b19612691a275e9651e,f1e1bcbaa91353cceb7419425e4ff960d7b004b725121b19612691a275e9651e,True
quotecore-plus/backend/supabase/migrations/20260422150000_takeoff_lines_url.sql,a682a4115d965f7d272ffc47d03195aa6e783e25d2e4391ba1989c11d46776da,a682a4115d965f7d272ffc47d03195aa6e783e25d2e4391ba1989c11d46776da,True
quotecore-plus/backend/supabase/migrations/20260424110000_copilot_progress.sql,0eab146785915baa54200680b975f427ed07a0283defcd1c727d0efadbf474cc,0eab146785915baa54200680b975f427ed07a0283defcd1c727d0efadbf474cc,True
quotecore-plus/backend/supabase/migrations/20260427160000_copilot_visible.sql,374e31e3591a7e2a439910ecd4c6876dce27e84b1472add7b219c5ee45014be6,374e31e3591a7e2a439910ecd4c6876dce27e84b1472add7b219c5ee45014be6,True
quotecore-plus/backend/supabase/migrations/20260429140000_acceptance_token_expiry.sql,31dfd9c35c58ac99415d3ff58c7b3348b36061f8512beb48a0bd1142574ad252,31dfd9c35c58ac99415d3ff58c7b3348b36061f8512beb48a0bd1142574ad252,True
quotecore-plus/backend/supabase/migrations/20260429160000_takeoff_measurements_rls.sql,c2c2294c085ed5971a4e39852b2ab8be6a132b68c6228bb207f03383ee029f91,c2c2294c085ed5971a4e39852b2ab8be6a132b68c6228bb207f03383ee029f91,True
quotecore-plus/backend/supabase/migrations/20260505180000_save_takeoff_atomic.sql,3440a83845bab8ba963870dbff64cf7a1c695af9ee9619f8fa7500c1efe1e232,3440a83845bab8ba963870dbff64cf7a1c695af9ee9619f8fa7500c1efe1e232,True
quotecore-plus/backend/supabase/migrations/20260506140000_custom_taxes.sql,093111bb5136d95e0c477932519fdc12e34a6b5ea84ab794100744557a74a3e6,093111bb5136d95e0c477932519fdc12e34a6b5ea84ab794100744557a74a3e6,True
quotecore-plus/backend/supabase/migrations/20260506180000_cascade_delete_components_with_area.sql,9063877f176fd9bbc6e10e821a5403004cfd9d1b2d67d01de2568a4ed623dd3f,9063877f176fd9bbc6e10e821a5403004cfd9d1b2d67d01de2568a4ed623dd3f,True
quotecore-plus/backend/supabase/migrations/20260507100000_user_recovery_codes.sql,0256d7419df16c534fd1e9c01473ed4278fdbf2d381919d4208677bac9847af8,0256d7419df16c534fd1e9c01473ed4278fdbf2d381919d4208677bac9847af8,True
quotecore-plus/backend/supabase/migrations/20260507120000_quote_revision_requests.sql,9d29ad019bff03cb0f53997b54b95f68b110a5d6174b091f2494f3638ba8bff1,9d29ad019bff03cb0f53997b54b95f68b110a5d6174b091f2494f3638ba8bff1,True
quotecore-plus/backend/supabase/migrations/20260507150000_quote_withdrawal.sql,a1692c7243d4e9c5794b8a040cb2b252102f6df619cccb5b9a1129fbd47a0c9d,a1692c7243d4e9c5794b8a040cb2b252102f6df619cccb5b9a1129fbd47a0c9d,True
quotecore-plus/backend/supabase/migrations/20260507150100_revision_request_withdrawn_state.sql,4c9b89f585eb7768adbb6745e9238c8cae726cfe2751c174502556d596a3363d,4c9b89f585eb7768adbb6745e9238c8cae726cfe2751c174502556d596a3363d,True
quotecore-plus/backend/supabase/migrations/20260507180000_imperial_units_split.sql,7035c3aff43e4af16ca07054aff685ed7a78b9c847be483bbc2645f997fc0301,7035c3aff43e4af16ca07054aff685ed7a78b9c847be483bbc2645f997fc0301,True
quotecore-plus/backend/supabase/migrations/20260507180100_backfill_imperial_to_rs.sql,29c6d5c62a13f3f7e4337d507fd5e448d068e6b887708b795643ba48e6bd39a9,29c6d5c62a13f3f7e4337d507fd5e448d068e6b887708b795643ba48e6bd39a9,True
quotecore-plus/backend/supabase/migrations/20260507200000_fix_save_takeoff_atomic_enum_casts.sql,caa4cebc4a48ce5831083541c66e21d371e2b73c6cb266c07cd440a707e96d67,caa4cebc4a48ce5831083541c66e21d371e2b73c6cb266c07cd440a707e96d67,True
quotecore-plus/backend/supabase/migrations/20260508100000_user_mfa_required.sql,b0f9e6781fb26c19d230c9ea258f710a30a9955027acc2b3a670f01b8f3fe995,b0f9e6781fb26c19d230c9ea258f710a30a9955027acc2b3a670f01b8f3fe995,True
quotecore-plus/backend/supabase/migrations/20260509120000_user_email_notifications.sql,5fe2716cc764080bca058a910898d35e09fa665bd9dfe042839444eb503ca625,5fe2716cc764080bca058a910898d35e09fa665bd9dfe042839444eb503ca625,True
quotecore-plus/backend/supabase/migrations/20260509180000_email_change_cooldown.sql,6cdd5157edf46d27d8efcd0d7cd208c5d0cef1256dbb1ece3b77d6e3914b1be8,6cdd5157edf46d27d8efcd0d7cd208c5d0cef1256dbb1ece3b77d6e3914b1be8,True
quotecore-plus/backend/supabase/migrations/20260509180100_user_security_questions.sql,2b8ea2f9aceb65c9f7229701057f446519789f7fbd8e412e505bd25e2a5d119d,2b8ea2f9aceb65c9f7229701057f446519789f7fbd8e412e505bd25e2a5d119d,True
quotecore-plus/backend/supabase/migrations/20260509200000_account_recovery_log.sql,bc4c6d46a029bbb6c4dbcdd55af84e57e5681f0950165bb7ad5240d78003e611,bc4c6d46a029bbb6c4dbcdd55af84e57e5681f0950165bb7ad5240d78003e611,True
quotecore-plus/backend/supabase/migrations/20260510120000_storage_buckets_and_policies.sql,bae7bb50f411926b7849fdcefeebfbc7dadff0d82f552fe226b76f13988eeaa4,bae7bb50f411926b7849fdcefeebfbc7dadff0d82f552fe226b76f13988eeaa4,True
quotecore-plus/backend/supabase/migrations/20260510130000_save_takeoff_atomic_ownership.sql,27882688ad7267546a2790f49c811a5fb080e7f608a283c603aba0beb108ea66,27882688ad7267546a2790f49c811a5fb080e7f608a283c603aba0beb108ea66,True
quotecore-plus/backend/supabase/migrations/20260510160000_quote_files_size_check.sql,424adea20024bc6964ac897f10975379006fd321d7986b13f938090d9b5c806a,424adea20024bc6964ac897f10975379006fd321d7986b13f938090d9b5c806a,True
quotecore-plus/backend/supabase/migrations/20260510170000_takeoff_canvas_paths.sql,8eb71d25cae6ec629b047e721e893d72a0d848a5d391fe7b5da28c7ad2657ea3,8eb71d25cae6ec629b047e721e893d72a0d848a5d391fe7b5da28c7ad2657ea3,True
quotecore-plus/backend/supabase/migrations/20260511120000_bulk_operations_log.sql,8b5098cb1b6bee4464b5370430c805086910938d38272ece81b5cdeaf59dbe60,8b5098cb1b6bee4464b5370430c805086910938d38272ece81b5cdeaf59dbe60,True
quotecore-plus/backend/supabase/migrations/20260511130000_support_tickets.sql,21b9df276fa48cf36a0b041464b9ebdce3d64bfd216c8c99d5579ec4fd619468,21b9df276fa48cf36a0b041464b9ebdce3d64bfd216c8c99d5579ec4fd619468,True
quotecore-plus/backend/supabase/migrations/20260511160000_entry_mode_blank.sql,ba666e24a9c618e42e2de4081b281f0e7984a71f464985a703127209d85e6fe2,ba666e24a9c618e42e2de4081b281f0e7984a71f464985a703127209d85e6fe2,True
quotecore-plus/backend/supabase/migrations/20260511170000_docs_feedback.sql,300dcc1d373caa326bef798e14fef267d25d71cc2aa800b8b3756e8464d5b716,300dcc1d373caa326bef798e14fef267d25d71cc2aa800b8b3756e8464d5b716,True
quotecore-plus/backend/supabase/migrations/20260512100000_rate_limits.sql,bb04a68f32502429afff01fd5251fc622b25a04a6ad81e79225970105587fb9a,bb04a68f32502429afff01fd5251fc622b25a04a6ad81e79225970105587fb9a,True
quotecore-plus/backend/supabase/migrations/20260512140000_users_is_admin.sql,868b856483746a61cded02f04a9ec6e89abd672f131633fcccc55604ac82bb68,868b856483746a61cded02f04a9ec6e89abd672f131633fcccc55604ac82bb68,True
quotecore-plus/backend/supabase/migrations/20260512160000_rate_limits_lockdown.sql,a7f57ccbab96ba36a7c05e0c17f2ce80e305caed3b8be89ec2afbbce3175976c,a7f57ccbab96ba36a7c05e0c17f2ce80e305caed3b8be89ec2afbbce3175976c,True
quotecore-plus/backend/supabase/migrations/20260512170000_messages_phase1.sql,f69765dde3f8d722ec872f512bcf4e6e65f81af245d388788528cc5d9ad98207,f69765dde3f8d722ec872f512bcf4e6e65f81af245d388788528cc5d9ad98207,True
quotecore-plus/backend/supabase/migrations/20260512190000_message_replies_company_select.sql,c5280551d46ab5eaff72cf94e6329ce9a51642191b8ef02e018ab41db28fe1f5,c5280551d46ab5eaff72cf94e6329ce9a51642191b8ef02e018ab41db28fe1f5,True
quotecore-plus/backend/supabase/migrations/20260512200000_order_supplier_responses.sql,317e2de631e2b7e9e736d7b202581bb76f174e689683e92054b9bd21e65cefc8,317e2de631e2b7e9e736d7b202581bb76f174e689683e92054b9bd21e65cefc8,True
quotecore-plus/backend/supabase/migrations/20260513100000_outbound_messages_delete_policy.sql,df8f3c2c444445894c9c6d36bce9b1970c0d2fe82e76a3225e05c69f0b27c153,df8f3c2c444445894c9c6d36bce9b1970c0d2fe82e76a3225e05c69f0b27c153,True
quotecore-plus/backend/supabase/migrations/20260513170000_scheduled_messages.sql,d334921259dd68e01c38dd00598c0f1a6f08ff3e75f4b9ad754ad8a8fd00f8a2,d334921259dd68e01c38dd00598c0f1a6f08ff3e75f4b9ad754ad8a8fd00f8a2,True
quotecore-plus/backend/supabase/migrations/20260514120000_scheduled_messages_pending_event.sql,8b34016ce37f355ea5ec95fb8713878262db684918ea46891323cd2bdb776a81,8b34016ce37f355ea5ec95fb8713878262db684918ea46891323cd2bdb776a81,True
quotecore-plus/backend/supabase/migrations/20260515160000_subscription_tiers_phase1.sql,00c40e2422cf93d5408c5e0481b32c990a7e7025986934bf20405cceb7db7a7c,00c40e2422cf93d5408c5e0481b32c990a7e7025986934bf20405cceb7db7a7c,True
quotecore-plus/backend/supabase/migrations/20260518133737_tier_gating_v2.sql,4edaea1f352ae55a22321a26912954de100a101d8db85c805c882e17dd39c727,4edaea1f352ae55a22321a26912954de100a101d8db85c805c882e17dd39c727,True
quotecore-plus/backend/supabase/migrations/20260518150754_tier_gating_v3.sql,9eeace08db6c5a716dcefda161007f54ff1c90c77cfffb3669322b9d50c808d0,9eeace08db6c5a716dcefda161007f54ff1c90c77cfffb3669322b9d50c808d0,True
quotecore-plus/backend/supabase/migrations/20260518155949_tier_pricing_v3.sql,c0cad5941445ccab3371d23ef4f4df75a16077b472e38ad4fef5a9f490d087d4,c0cad5941445ccab3371d23ef4f4df75a16077b472e38ad4fef5a9f490d087d4,True
quotecore-plus/backend/supabase/migrations/20260518162615_tier_launch_coupons.sql,66bf58cd5d47b7068f1f49542c7562e8e7f527d6e673c3bc6f0d7f87e715e045,66bf58cd5d47b7068f1f49542c7562e8e7f527d6e673c3bc6f0d7f87e715e045,True
quotecore-plus/backend/supabase/migrations/20260518164411_companies_cancel_at.sql,5eb39204164e09a7da68a08ee048ab09b84f22330ccaa91ff965351342e6daaa,5eb39204164e09a7da68a08ee048ab09b84f22330ccaa91ff965351342e6daaa,True
quotecore-plus/backend/supabase/migrations/20260519100000_companies_billing_lockdown.sql,61dc4a6fe8bf8b9a6a34a36b083d6d73218f2f21ad47561bca5bd2563f6cc86b,61dc4a6fe8bf8b9a6a34a36b083d6d73218f2f21ad47561bca5bd2563f6cc86b,True
quotecore-plus/backend/supabase/migrations/20260519100100_secdef_function_lockdown.sql,65405638bfe80f0d9ccbd9041d1a8ef9972da2116f62000aad7764798a8db20f,65405638bfe80f0d9ccbd9041d1a8ef9972da2116f62000aad7764798a8db20f,True
quotecore-plus/backend/supabase/migrations/20260519100200_library_cap_triggers.sql,4960662815b4004f3aeb78a58b35164f99fd2e9ff5571d2772b3c831e379cf9a,4960662815b4004f3aeb78a58b35164f99fd2e9ff5571d2772b3c831e379cf9a,True
quotecore-plus/backend/supabase/migrations/20260519100300_support_tickets_lockdown.sql,4decde22538b2730e31cfb5647fdadec28a3659530b654756a88e508b07932fe,4decde22538b2730e31cfb5647fdadec28a3659530b654756a88e508b07932fe,True
quotecore-plus/backend/supabase/migrations/20260519100400_subscription_events_redact.sql,b120a5eeb136ff4171143e808df4ce0408ab1cbc6aedfb52bcd553b848bfd730,b120a5eeb136ff4171143e808df4ce0408ab1cbc6aedfb52bcd553b848bfd730,True
quotecore-plus/backend/supabase/migrations/20260519100500_storage_quote_documents_signed_upload_only.sql,d74ce6864b3b239f820ba235acf2e0170cc16a448a726043ba587da7096a48e4,d74ce6864b3b239f820ba235acf2e0170cc16a448a726043ba587da7096a48e4,True
quotecore-plus/backend/supabase/migrations/20260519110000_companies_trial_started_at.sql,7dc7c441d7b5149a79ee08a54b7669ec3c22d49dc40586ef7e0104a13d72a55d,7dc7c441d7b5149a79ee08a54b7669ec3c22d49dc40586ef7e0104a13d72a55d,True
quotecore-plus/backend/supabase/migrations/20260519110100_companies_trial_started_at_trigger_fix.sql,f7a64689b46b5634b11544dad50f6ee33a3057c4fd5c838bec636ab90852bf5e,f7a64689b46b5634b11544dad50f6ee33a3057c4fd5c838bec636ab90852bf5e,True
quotecore-plus/backend/supabase/migrations/20260519110200_subscription_events_view_security_definer.sql,2cf777ab9193fcce0dfcb6489bb446e374b0ccb4ea5be2fe52849989783e17ad,2cf777ab9193fcce0dfcb6489bb446e374b0ccb4ea5be2fe52849989783e17ad,True
quotecore-plus/backend/supabase/migrations/20260519120000_effective_plan_active_expired_trial.sql,f901ce385046142fbf41381039efe0e66130cfffd2ffe3b5701e6ea54689880c,f901ce385046142fbf41381039efe0e66130cfffd2ffe3b5701e6ea54689880c,True
quotecore-plus/backend/supabase/migrations/20260519130000_fix_storage_usage_trigger_security_definer.sql,27c8224870ed9e74a1b9fefb402028372cf87ebb53e4c6cdedb9f242b0f6b2cd,27c8224870ed9e74a1b9fefb402028372cf87ebb53e4c6cdedb9f242b0f6b2cd,True
quotecore-plus/backend/supabase/migrations/20260520120000_generic_trades_phase_2_enums.sql,ac70aa2aa86b8bfd676bb506d776d562ddb974257d5c4d6e133f266ab06b3149,ac70aa2aa86b8bfd676bb506d776d562ddb974257d5c4d6e133f266ab06b3149,True
quotecore-plus/backend/supabase/migrations/20260520120010_generic_trades_phase_2_dark_schema.sql,c7504c1af02530ea6b349cab9c1cc79e8e282f497e3e83fc934c542eb5cb58bc,c7504c1af02530ea6b349cab9c1cc79e8e282f497e3e83fc934c542eb5cb58bc,True
quotecore-plus/backend/supabase/migrations/20260520130000_generic_trades_phase_4_create_quote_atomic.sql,cbb22f1a401dd6b748a393fe51d6bc651ea5c17a2a5ba50fad631347fd74c8c0,cbb22f1a401dd6b748a393fe51d6bc651ea5c17a2a5ba50fad631347fd74c8c0,True
quotecore-plus/backend/supabase/migrations/20260520140000_generic_trades_phase_7_save_takeoff_atomic_page_id.sql,1ad6989213882086f69a8a95e8a83c1edee79077723bc8da1fd8fe1ea37ab6d2,1ad6989213882086f69a8a95e8a83c1edee79077723bc8da1fd8fe1ea37ab6d2,True
quotecore-plus/backend/supabase/migrations/20260520140100_takeoff_measurements_multi_lineal_type.sql,e7f81d953cc75b40d6031ef8f2bdfcc9a2005bd0951f40f163e4a1eb9a58e6f5,e7f81d953cc75b40d6031ef8f2bdfcc9a2005bd0951f40f163e4a1eb9a58e6f5,True
quotecore-plus/backend/supabase/migrations/20260520150000_save_takeoff_atomic_scoped_delete.sql,25736d3a4f9f56679a3af296c6f0d52e5ab2aa679dc8a450f04375f9a1be8f45,25736d3a4f9f56679a3af296c6f0d52e5ab2aa679dc8a450f04375f9a1be8f45,True
quotecore-plus/backend/supabase/migrations/20260520160000_save_takeoff_atomic_reconcile.sql,82df1aa144dce5c083927eba70b94f8dc980700ce83be2af321e20924bca6030,82df1aa144dce5c083927eba70b94f8dc980700ce83be2af321e20924bca6030,True
quotecore-plus/backend/supabase/migrations/20260521180000_waste_unit_flat_per_segment.sql,916cb065c18fe377c62185c5b257cb57b3c132012a1f81260ab1231852fc35e7,916cb065c18fe377c62185c5b257cb57b3c132012a1f81260ab1231852fc35e7,True
quotecore-plus/backend/supabase/migrations/20260521200000_fixed_per_segment_and_multi_lineal_lxh.sql,f31d7220eafc50d8d0446b4eb02cf8e72b835938bab54d5059a09b87c8807705,f31d7220eafc50d8d0446b4eb02cf8e72b835938bab54d5059a09b87c8807705,True
quotecore-plus/backend/supabase/migrations/20260521210000_height_constraint_multi_lineal_lxh.sql,d7202aaad3009736fd65b8d067f65e792782bfbaab9d8b906b1004d233d97298,d7202aaad3009736fd65b8d067f65e792782bfbaab9d8b906b1004d233d97298,True
quotecore-plus/backend/supabase/migrations/20260523120000_strategy_compat_multi_lineal_lxh.sql,12af5caa837deba6e22898fab435be83fe5ea15a6c3242531d8597d8ffb51b07,12af5caa837deba6e22898fab435be83fe5ea15a6c3242531d8597d8ffb51b07,True
quotecore-plus/backend/supabase/migrations/20260523130000_trade_enum_cladding.sql,f8b99a70d5277f5809dd58b7c1de47eab4b74013d93bf6dba67d44e55fd0cf26,f8b99a70d5277f5809dd58b7c1de47eab4b74013d93bf6dba67d44e55fd0cf26,True
quotecore-plus/backend/supabase/migrations/20260523140000_grant_default_trade_update.sql,93aa0c681096f15aeb2cdb4b9c50114ddb5d49d8667e031e7aae6e58f741c725,93aa0c681096f15aeb2cdb4b9c50114ddb5d49d8667e031e7aae6e58f741c725,True
quotecore-plus/backend/supabase/migrations/20260524120000_trade_enum_electrical.sql,dc20f673bc7f93f9705270a73cca133fb594bab545c93bccdaa0c28c5e6a61a4,dc20f673bc7f93f9705270a73cca133fb594bab545c93bccdaa0c28c5e6a61a4,True
quotecore-plus/backend/supabase/migrations/20260524130000_trade_enum_plumbing.sql,d8e6ccbc4b26c53d07b7088218e057c559abeba0c182537d343d475d662b5a7f,d8e6ccbc4b26c53d07b7088218e057c559abeba0c182537d343d475d662b5a7f,True
quotecore-plus/backend/supabase/migrations/20260525100000_trade_enum_remaining_8.sql,28052384255bf715ff465e82f84257313545e4f21c930408805569855a4a86ef,28052384255bf715ff465e82f84257313545e4f21c930408805569855a4a86ef,True
quotecore-plus/backend/supabase/migrations/20260525110000_collection_rename_allow_bootstrap.sql,9bb4acb16b72ac7ad45d6aaa88dfa60a5fd9839c2bfc302b2db34fe134272269,9bb4acb16b72ac7ad45d6aaa88dfa60a5fd9839c2bfc302b2db34fe134272269,True
quotecore-plus/backend/supabase/migrations/20260525120000_save_takeoff_atomic_trade_compat.sql,209d7a40623422e59193618cd62ff3acd1eb7b3bec07cd9a577180eb6152c270,209d7a40623422e59193618cd62ff3acd1eb7b3bec07cd9a577180eb6152c270,True
quotecore-plus/backend/supabase/migrations/20260525130000_save_takeoff_atomic_trade_compat_v2.sql,04a0923af87335f08164b4deae8c0406290a6c2ba2e013738b7b974981f0ce74,04a0923af87335f08164b4deae8c0406290a6c2ba2e013738b7b974981f0ce74,True
quotecore-plus/backend/supabase/migrations/20260526130000_scheduled_messages_template_set_null.sql,79dd4c824ffbc35161ce25bdea74a03e1278cd0f37374ba44a1975e8d33b52d2,79dd4c824ffbc35161ce25bdea74a03e1278cd0f37374ba44a1975e8d33b52d2,True
quotecore-plus/backend/supabase/migrations/20260526140000_add_stripe_mode_to_companies.sql,8a8306989fd458c0fb19aca79260890d8f8b641186a5a42a44de8b45ba03e2c4,8a8306989fd458c0fb19aca79260890d8f8b641186a5a42a44de8b45ba03e2c4,True
quotecore-plus/backend/supabase/migrations/20260526150000_takeoff_sessions_version.sql,6879ab8162ed18227f230199c037055cb60ed4a9847103cf2b7a608ff753b531,6879ab8162ed18227f230199c037055cb60ed4a9847103cf2b7a608ff753b531,True
quotecore-plus/backend/supabase/migrations/20260526160000_fix_save_takeoff_atomic_overload.sql,91e3b8eeac47c1d5e93213ab63c639e873e1a42be0353b199ef89ccce8956cd3,91e3b8eeac47c1d5e93213ab63c639e873e1a42be0353b199ef89ccce8956cd3,True
quotecore-plus/backend/supabase/migrations/20260527100000_takeoff_multi_area.sql,bfeac04626388028050402fda5004a172b5f5ec7818c2accc247ca368d3837ba,bfeac04626388028050402fda5004a172b5f5ec7818c2accc247ca368d3837ba,True
quotecore-plus/backend/supabase/migrations/20260527110000_quote_files_takeoff_types.sql,2f82c67f018da17d58723fefabc62fcd2986afda5d95060c9877a51a3db3db71,2f82c67f018da17d58723fefabc62fcd2986afda5d95060c9877a51a3db3db71,True
quotecore-plus/backend/supabase/migrations/20260528100000_fix_multipage_component_entries.sql,04260e10c1748b6837c858c83d838e9f5c2797f7cf06f8c97053d2191b1bad6e,04260e10c1748b6837c858c83d838e9f5c2797f7cf06f8c97053d2191b1bad6e,True
quotecore-plus/backend/supabase/migrations/20260529120000_component_library_notes.sql,a9c12c9a974d99ae15808501d75c9000955dd71020c1e775d576d4365b728b0c,a9c12c9a974d99ae15808501d75c9000955dd71020c1e775d576d4365b728b0c,True
quotecore-plus/backend/supabase/migrations/20260530120000_volume_3d_measurement_type.sql,3268ba90b8d687700a31b00a7e6ecfd3af8973bb30abd5b8d8f90ba8ccf94d50,3268ba90b8d687700a31b00a7e6ecfd3af8973bb30abd5b8d8f90ba8ccf94d50,True
quotecore-plus/backend/supabase/migrations/20260530140000_freestyle_height_types.sql,4bb2dd4ee4d581cbf21277917c6af6d80c31159f3aa095c1f0319c8507ea8318,4bb2dd4ee4d581cbf21277917c6af6d80c31159f3aa095c1f0319c8507ea8318,True
quotecore-plus/backend/supabase/migrations/20260531120000_catalog_library.sql,234b6b0b16e6010db8ff16da9dd7842fc60dbfc756771480d4b402aea4f1edc5,234b6b0b16e6010db8ff16da9dd7842fc60dbfc756771480d4b402aea4f1edc5,True
quotecore-plus/backend/supabase/migrations/20260601100000_company_attachments.sql,d0f34b98575e914e7efff85c26819d4a2882d306ddc01630c81a2dbfe6410ef2,d0f34b98575e914e7efff85c26819d4a2882d306ddc01630c81a2dbfe6410ef2,True
quotecore-plus/backend/supabase/migrations/20260601140000_round9_security_fixes.sql,c7524a365fe6d5a464d63afec646a6137f4080cf226e485ac3c7b4672aacb0b3,c7524a365fe6d5a464d63afec646a6137f4080cf226e485ac3c7b4672aacb0b3,True
quotecore-plus/backend/supabase/migrations/20260601150000_catalog_atomic_import.sql,eccb4c53317235224f11d248f451f2bdeb48f26068ee7833562522be82e0333e,eccb4c53317235224f11d248f451f2bdeb48f26068ee7833562522be82e0333e,True
quotecore-plus/backend/supabase/migrations/20260601160000_email_template_attachment_fk.sql,94a73bf71591794829ee81c0b0a01dbff4196947dba5b9493ee231362b881ec9,94a73bf71591794829ee81c0b0a01dbff4196947dba5b9493ee231362b881ec9,True
quotecore-plus/backend/supabase/migrations/20260601170000_message_attachments.sql,1a4ff9b149a1eb2895843e1eb6034623fc0c2242cbfb24c777f87107e1192e5b,1a4ff9b149a1eb2895843e1eb6034623fc0c2242cbfb24c777f87107e1192e5b,True
quotecore-plus/backend/supabase/migrations/20260601180000_customer_quote_line_quantity_text.sql,34fa52f0c420f8b065cf3c07da859e159bd9d3bb49006e7036618323347449d9,34fa52f0c420f8b065cf3c07da859e159bd9d3bb49006e7036618323347449d9,True
quotecore-plus/backend/supabase/migrations/20260601190000_catalog_rpc_revokes_and_byte_reversal.sql,6ac9819a1c6c1eac580ff8b3e32a72d433c6b40e31daae79246571556c182865,6ac9819a1c6c1eac580ff8b3e32a72d433c6b40e31daae79246571556c182865,True
quotecore-plus/backend/supabase/migrations/20260602140000_message_attachments_cascade_library.sql,6fba4c6543aad56cc267a5855d7d01650b535b9ceabd4493080a073f57ebeab5,6fba4c6543aad56cc267a5855d7d01650b535b9ceabd4493080a073f57ebeab5,True
quotecore-plus/backend/supabase/migrations/20260603100000_ai_assistant_foundation.sql,d1794c8bdf303993afa07f1df53fbd96dff35f8ccbc5ddd60d64d2ed855603b4,d1794c8bdf303993afa07f1df53fbd96dff35f8ccbc5ddd60d64d2ed855603b4,True
quotecore-plus/backend/supabase/migrations/20260604120000_catalog_maps.sql,14f4ef53783cf84146c273fbb0e96e5cf53174b50f1a93b914e403f1efe015e1,14f4ef53783cf84146c273fbb0e96e5cf53174b50f1a93b914e403f1efe015e1,True
quotecore-plus/backend/supabase/migrations/20260604140000_assistant_enabled_pref.sql,b315df49c6b5b074e509219ba9858bc9a4b73ad74590d5609717ba70a6048d71,b315df49c6b5b074e509219ba9858bc9a4b73ad74590d5609717ba70a6048d71,True
quotecore-plus/backend/supabase/migrations/20260604160000_order_line_by_line.sql,a2134a900974fe25f427c4c681d46a2b3b99c85b0e4cf81933c315dbaea65f8b,a2134a900974fe25f427c4c681d46a2b3b99c85b0e4cf81933c315dbaea65f8b,True
quotecore-plus/backend/supabase/migrations/20260604180000_order_layout_mode_line_by_line_check.sql,4bfd85f16bcba56e6db4743642cb37e155b5a55ebd1090b633ffa6a349eba0f1,4bfd85f16bcba56e6db4743642cb37e155b5a55ebd1090b633ffa6a349eba0f1,True
quotecore-plus/backend/supabase/migrations/20260608160000_alerts_order_id.sql,d06330e21fe7fbed59560bf344f818d5f2dcb498626f33d3b98c83823d53c758,d06330e21fe7fbed59560bf344f818d5f2dcb498626f33d3b98c83823d53c758,True
quotecore-plus/backend/supabase/migrations/20260608161000_order_decline.sql,86fd2fc083be662f2a788655ea629d918fcb0de63f0a30a15eb3bc13e7cd524c,86fd2fc083be662f2a788655ea629d918fcb0de63f0a30a15eb3bc13e7cd524c,True
quotecore-plus/backend/supabase/migrations/20260608170000_alerts_status.sql,d37ebae7a85dba2548d9df67b39490ddd766c2efea5c9511326b6b013017193c,d37ebae7a85dba2548d9df67b39490ddd766c2efea5c9511326b6b013017193c,True
quotecore-plus/backend/supabase/migrations/20260609120000_companies_notification_prefs.sql,babc860960fe433a4ea8b68ea20eec98ccbdec2144fa675e4aecdbc2c38332d3,babc860960fe433a4ea8b68ea20eec98ccbdec2144fa675e4aecdbc2c38332d3,True
quotecore-plus/backend/supabase/migrations/20260609120000_recipient_view_status.sql,1d746dd825ab2699e54aa6b9edfc84fbdf91b46fffeed2c16993077db34824bd,1d746dd825ab2699e54aa6b9edfc84fbdf91b46fffeed2c16993077db34824bd,True
quotecore-plus/backend/supabase/migrations/20260609160000_scheduled_messages_pending_wait_minutes.sql,ea9bece44998c4d260255b20714863f5a4e42357a3f8fc21e03896e3ed13b09b,ea9bece44998c4d260255b20714863f5a4e42357a3f8fc21e03896e3ed13b09b,True
quotecore-plus/backend/supabase/migrations/20260610120000_followups_multi_entity_and_bell_cleared.sql,222e883360d36d2b2526a1083088151c4cef18bee4cef1e1e01cbdf11a70f389,222e883360d36d2b2526a1083088151c4cef18bee4cef1e1e01cbdf11a70f389,True
quotecore-plus/backend/supabase/migrations/20260610150000_scheduled_messages_viewed_trigger.sql,5a19547f25b32974b3add1b5ad3c840ad86b1ef2de094b908d3cd3450b0160c2,5a19547f25b32974b3add1b5ad3c840ad86b1ef2de094b908d3cd3450b0160c2,True
quotecore-plus/backend/supabase/migrations/20260610170000_outbound_messages_related_invoice.sql,27f3ef94188ff7b6fd08c4ae985aee06b3dbb267852ec6b1770c48c6739eaf1d,27f3ef94188ff7b6fd08c4ae985aee06b3dbb267852ec6b1770c48c6739eaf1d,True
quotecore-plus/backend/supabase/migrations/20260611160000_pricing_tier_v2.sql,18dfc23c064b607037cb84eeda82a1eafeaec55161d09dfcc950dbc78002acd8,18dfc23c064b607037cb84eeda82a1eafeaec55161d09dfcc950dbc78002acd8,True
quotecore-plus/backend/supabase/migrations/20260613120000_create_invoice_atomic.sql,27c8b80970c82b3d81e4d9d0465cf942147633a9dd392010716364b0656d2a72,27c8b80970c82b3d81e4d9d0465cf942147633a9dd392010716364b0656d2a72,True
quotecore-plus/backend/supabase/migrations/20260613130000_invoice_child_tenant_integrity.sql,bab823328470e2cb697a43a1d133db8772d1ce25182f84ce902101fa6638e971,bab823328470e2cb697a43a1d133db8772d1ce25182f84ce902101fa6638e971,True
quotecore-plus/backend/supabase/migrations/20260613140000_prelive_mediums_db.sql,07672208c62c3738181e795bcfd5dfd910c567ca7b00b28a7d5e6d1bbc57605e,07672208c62c3738181e795bcfd5dfd910c567ca7b00b28a7d5e6d1bbc57605e,True
quotecore-plus/backend/supabase/migrations/20260613150000_assistant_token_usage_atomic.sql,57711bf2d1de9ca54d6a4558eb949ed5d1708834ca6a0fe708df7b440af1fcf4,57711bf2d1de9ca54d6a4558eb949ed5d1708834ca6a0fe708df7b440af1fcf4,True
quotecore-plus/backend/supabase/migrations/20260628120000_relax_volume_depth_constraint.sql,77236dbadb1b52d1b67cd2dd7f554d610d81a7ded8e8b143af2cfbf6be5f5567,77236dbadb1b52d1b67cd2dd7f554d610d81a7ded8e8b143af2cfbf6be5f5567,True
quotecore-plus/backend/supabase/migrations/20260628130000_fix_volume_depth_constraint.sql,a124ef65fc649c2f9bcb57d7525849dc0027b83ded9227cc75752026b9bdd65d,a124ef65fc649c2f9bcb57d7525849dc0027b83ded9227cc75752026b9bdd65d,True
quotecore-plus/backend/supabase/migrations/20260629200000_quotes_created_by_email.sql,742cbf68299a0fa06c531abc5b2139e72b9e4427e17349a561bba44b857727fc,742cbf68299a0fa06c531abc5b2139e72b9e4427e17349a561bba44b857727fc,True
quotecore-plus/backend/supabase/migrations/20260804160000_supplier_takeoff_builder_enabled.sql,ce1a4eca734ea8493344750b2e30de1b1d4f55d20772e0b033557fec57e63b27,ce1a4eca734ea8493344750b2e30de1b1d4f55d20772e0b033557fec57e63b27,True
quotecore-plus/backend/supabase/migrations/20260804200000_supplier_publication_visibility.sql,b097dbd0ace81c2ccc93be0a300efab6d7be27963b4fbae1b7c2d4755137d99d,b097dbd0ace81c2ccc93be0a300efab6d7be27963b4fbae1b7c2d4755137d99d,True
quotecore-plus/backend/supabase/migrations/20260804203000_public_supplier_read_model.sql,7f1b31582c50a0604cc2a62418f037ea91c8a6a2c01779f08cf28d5f6e6e798e,7f1b31582c50a0604cc2a62418f037ea91c8a6a2c01779f08cf28d5f6e6e798e,True
quotecore-plus/backend/supabase/migrations/20260804210000_result_snapshots.sql,948274a000e9f4e94fa24e5dae2729ef89c78884f4129c2bd12160d920e748c0,948274a000e9f4e94fa24e5dae2729ef89c78884f4129c2bd12160d920e748c0,True
quotecore-plus/backend/supabase/migrations/20260805130000_fix_rs_roofing_collection_supplier_link.sql,840510d7f617c46856bb478f40ac09d2ace21a3031c7e226d3a7e0610d8b59f1,840510d7f617c46856bb478f40ac09d2ace21a3031c7e226d3a7e0610d8b59f1,True
quotecore-plus/backend/supabase/migrations/20260805140000_supplier_tax_and_delivery_fields.sql,e5c4beab0a4ab18c19c2686d9ad6624e3cb83080082e76d7e0320242dd30b14d,e5c4beab0a4ab18c19c2686d9ad6624e3cb83080082e76d7e0320242dd30b14d,True
quotecore-plus/backend/supabase/migrations/20260805150000_price_list_and_takeoff_tax_flags.sql,fab35e6c6df85433f1d81100e1e60721f345ca63a3ebb8736e70c4609fc48844,fab35e6c6df85433f1d81100e1e60721f345ca63a3ebb8736e70c4609fc48844,True
quotecore-plus/backend/supabase/migrations/20260811115000_active_smart_components.sql,1d46fd6c03a936980f7b873a7fb289f91d809bb1ef14c9acce4ca35913116370,1d46fd6c03a936980f7b873a7fb289f91d809bb1ef14c9acce4ca35913116370,True
quotecore-plus/backend/supabase/migrations/20260827150000_free_tool_finder_events.sql,0df3ed2e1ab523523f652edd97673ce75831a398d2302dd2080afac3ac286bd4,0df3ed2e1ab523523f652edd97673ce75831a398d2302dd2080afac3ac286bd4,True
quotecore-plus/backend/supabase/migrations/20260916150000_paid_only_phase1_no_trials.sql,28d60d95beaf2e55692af2d94de3bad1eaabbaf51cc18c467a442a73c1c1c237,28d60d95beaf2e55692af2d94de3bad1eaabbaf51cc18c467a442a73c1c1c237,True
quotecore-plus/backend/supabase/migrations/20260916201500_paid_only_phase1b_drop_trial_defaults.sql,eade07a5424495c9eaa9d36064a89168eb6d97d8330f745a3ae67bbe7a68e44c,eade07a5424495c9eaa9d36064a89168eb6d97d8330f745a3ae67bbe7a68e44c,True
quotecore-plus/backend/supabase/migrations/quotecore_v2_patch_018_takeoff_measurements.sql,9a386a2e9dc6416e2517bc6909afb78034e8546762c1028d25f3ca28cc0a209f,9a386a2e9dc6416e2517bc6909afb78034e8546762c1028d25f3ca28cc0a209f,True
quotecore-plus/backend/supabase/migrations/quotecore_v2_patch_019_entry_mode.sql,7b44930542238d1ed19f2ae64730eedebd5ec97f740dbb567a707417b3ae4b38,7b44930542238d1ed19f2ae64730eedebd5ec97f740dbb567a707417b3ae4b38,True
quotecore-plus/backend/supabase/migrations/quotecore_v2_patch_020_profit_margins.sql,f711d11d81de2bf96cfe593d99b4781b615f70f1d58e885504cb65dc9ff3706a,f711d11d81de2bf96cfe593d99b4781b615f70f1d58e885504cb65dc9ff3706a,True
quotecore-plus/backend/supabase/migrations/quotecore_v2_patch_021_customer_quote_checkboxes.sql,ffd2475644f5c553df6664f341a9f0ac159cb985ff8667ad7a03897e16e94937,ffd2475644f5c553df6664f341a9f0ac159cb985ff8667ad7a03897e16e94937,True
quotecore-plus/backend/supabase/migrations/quotecore_v2_patch_022_measurement_type_lineal.sql,7fec7cbdb31c295e47f9db4ddd21296e13c128e3566d19e551b2dabffc6e6726,7fec7cbdb31c295e47f9db4ddd21296e13c128e3566d19e551b2dabffc6e6726,True
quotecore-plus/backend/supabase/migrations/quotecore_v2_patch_023_takeoff_canvas_url.sql,bedf9d830122986c721a2e9cba846a02f9b1179782099e8fac26da1cc04b2927,bedf9d830122986c721a2e9cba846a02f9b1179782099e8fac26da1cc04b2927,True
quotecore-plus/backend/supabase/migrations/quotecore_v2_patch_024_labor_sheet_lines.sql,84701956384cd33501fabecb5f5bb0293d924f48a1b082e2989a9bc6d4761e7f,84701956384cd33501fabecb5f5bb0293d924f48a1b082e2989a9bc6d4761e7f,True
quotecore-plus/backend/supabase/migrations/quotecore_v2_patch_025_material_orders.sql,0140956e1933d60428514474d3470205c7af6fdda2ac9cd9fae89327d343fbb1,0140956e1933d60428514474d3470205c7af6fdda2ac9cd9fae89327d343fbb1,True
quotecore-plus/backend/supabase/migrations/quotecore_v2_patch_026_notification_prefs_email.sql,b3f66e10c5e90ec555bbdf2ea77b43b1ecaae6bd6643d0dc50e1a09fa3e22211,b3f66e10c5e90ec555bbdf2ea77b43b1ecaae6bd6643d0dc50e1a09fa3e22211,True
quotecore-plus/backend/supabase/migrations/quotecore_v2_patch_027_admin_override_effective_plan.sql,ffeefc0de209dd5074313c01811ff36e4347f41d2ba9e0df4c3833078f4f8ab9,ffeefc0de209dd5074313c01811ff36e4347f41d2ba9e0df4c3833078f4f8ab9,True
quotecore-plus/backend/supabase/migrations/quotecore_v2_patch_028_free_takeoff_draft_type.sql,68a1a89bc4364aa922a4b059fb6b98f1ecf52aef6c08434f0ff7f4397630ea01,68a1a89bc4364aa922a4b059fb6b98f1ecf52aef6c08434f0ff7f4397630ea01,True
quotecore-plus/backend/supabase/migrations/quotecore_v2_patch_029_marketing_suppressions.sql,b690df859bdf087cd909a8cd282a873fd496a1ff22d273d072975bb5c692199b,b690df859bdf087cd909a8cd282a873fd496a1ff22d273d072975bb5c692199b,True
quotecore-plus/backend/supabase/migrations/quotecore_v2_patch_030_runtime_config_secrets.sql,83919b887ee7a3b5289fa694d56012e50fb4da224e554919904e390a058a0251,83919b887ee7a3b5289fa694d56012e50fb4da224e554919904e390a058a0251,True
quotecore-plus/backend/supabase/migrations/quotecore_v2_patch_031_xero_connections.sql,dc404bd2f240d266de539d69a006203c077c2120930634e0e74fafee63456ba9,dc404bd2f240d266de539d69a006203c077c2120930634e0e74fafee63456ba9,True
quotecore-plus/backend/supabase/migrations/quotecore_v2_patch_032_qbo_connections.sql,abc79bfa1c4ac695d9eaddd26c7fe6c49cbefc2fcb6e00f1e594b8dfb62fc265,abc79bfa1c4ac695d9eaddd26c7fe6c49cbefc2fcb6e00f1e594b8dfb62fc265,True
quotecore-plus/backend/supabase/migrations/quotecore_v2_patch_038_supplier_tool_outputs.sql,a44930d3f5ddcbac86f005ddb26db95a468f62eb30e3f998e78a5196d2e7e262,a44930d3f5ddcbac86f005ddb26db95a468f62eb30e3f998e78a5196d2e7e262,True
quotecore-plus/backend/supabase/migrations/quotecore_v2_patch_039_feedback_submissions.sql,ef5e0c3677d030e7d517906fd327a27a7599ede91bda99c1d0ef0d674329253c,ef5e0c3677d030e7d517906fd327a27a7599ede91bda99c1d0ef0d674329253c,True
quotecore-plus/backend/supabase/migrations/quotecore_v2_patch_040_feedback_reasons_multiselect.sql,6067f994a78793f4f1e7382c847b2129aa2430d8c1b1e303d3693cf4dd3d7353,6067f994a78793f4f1e7382c847b2129aa2430d8c1b1e303d3693cf4dd3d7353,True
quotecore-plus/backend/supabase/migrations/quotecore_v2_patch_041_smart_assistant_foundation.sql,e63c16dd36320135294aaa36b660db50fa567562dad09ffdf3ea19119a188c9b,e63c16dd36320135294aaa36b660db50fa567562dad09ffdf3ea19119a188c9b,True
quotecore-plus/backend/supabase/migrations/quotecore_v2_patch_042_smart_assistant_feature_flag.sql,76f924ebeadb714ceada44bc4ad85855efd6ab64a8a17e17a55d9f660ea434cf,76f924ebeadb714ceada44bc4ad85855efd6ab64a8a17e17a55d9f660ea434cf,True
quotecore-plus/backend/supabase/migrations/quotecore_v2_patch_043_smart_assistant_run_protocol.sql,a6285accf233002d87c5025000c03c69117a759b888221bf9315869b5a9cadcc,a6285accf233002d87c5025000c03c69117a759b888221bf9315869b5a9cadcc,True
quotecore-plus/backend/supabase/migrations/quotecore_v2_patch_044_smart_assistant_quota_ledger.sql,324d51412f4100e9e179d4445f8d88d6aa0f9586e1462c851a0929bff97aa1cb,324d51412f4100e9e179d4445f8d88d6aa0f9586e1462c851a0929bff97aa1cb,True
quotecore-plus/backend/supabase/migrations/quotecore_v2_patch_045_smart_assistant_hardening.sql,43406e2d5015f58600e1498a63fd09edd8b5cedad463c3ccd8159df3ba2b58ad,43406e2d5015f58600e1498a63fd09edd8b5cedad463c3ccd8159df3ba2b58ad,True
quotecore-plus/backend/supabase/migrations/quotecore_v2_patch_046_ai_calibration_p4.sql,706cb897c61b42620e685b67b781560707a58b7eb7b7b3b29d3b1ee5cbdd5bf2,706cb897c61b42620e685b67b781560707a58b7eb7b7b3b29d3b1ee5cbdd5bf2,True
quotecore-plus/backend/supabase/migrations/quotecore_v2_patch_047_smart_assistant_harness_fixes.sql,d18fca2994a35123f0b96c4e68dfb3ade5c1463adabe657ed336bf2596e4e46d,d18fca2994a35123f0b96c4e68dfb3ade5c1463adabe657ed336bf2596e4e46d,True
quotecore-plus/backend/supabase/migrations/quotecore_v2_patch_048_calibration_atomic_commit.sql,916540c4504eaa607fb7e0c8dd4ddd129d8307b9f6936851049e697311248843,916540c4504eaa607fb7e0c8dd4ddd129d8307b9f6936851049e697311248843,True
quotecore-plus/backend/supabase/migrations/quotecore_v2_patch_049_calibration_run_ledger.sql,7d26c4d15a48915ed26a5fdc3e7e1151fcede8ccf08c40655e0ba48ceec180de,7d26c4d15a48915ed26a5fdc3e7e1151fcede8ccf08c40655e0ba48ceec180de,True
quotecore-plus/backend/supabase/migrations/quotecore_v2_patch_050_cal_verify_refine_parent.sql,58b931892790153eee25ee0c08ad0bfdd62915a6d51732ad79e8c7df28434dab,58b931892790153eee25ee0c08ad0bfdd62915a6d51732ad79e8c7df28434dab,True
quotecore-plus/backend/supabase/migrations/quotecore_v2_patch_050_fix_ai_points_null_limit.sql,12fd9a3ea82aa549058cd246c973e71865d49095472db3c5458cdf18a804c4cf,12fd9a3ea82aa549058cd246c973e71865d49095472db3c5458cdf18a804c4cf,True
quotecore-plus/backend/supabase/migrations/quotecore_v2_patch_051_takeoff_touch_flag.sql,88418e3c9356ecd54355fad81cde03e69b949987b9cfc4ad99cd4506f3082a01,88418e3c9356ecd54355fad81cde03e69b949987b9cfc4ad99cd4506f3082a01,True
quotecore-plus/backend/supabase/migrations/quotecore_v2_patch_052_takeoff_area_update.sql,ecdeb0988ae206245c4443a6969ad7737380183feab8534cdd8e070f0344d5f3,ecdeb0988ae206245c4443a6969ad7737380183feab8534cdd8e070f0344d5f3,True
quotecore-plus/backend/supabase/migrations/quotecore_v2_patch_053_takeoff_pages_update_grant.sql,4b3fc1f9964d5c3bf4953d5b8a03502d2e22827a80d790987200ebaf198116d3,4b3fc1f9964d5c3bf4953d5b8a03502d2e22827a80d790987200ebaf198116d3,True
quotecore-plus/backend/supabase/migrations/quotecore_v2_patch_054_takeoff_diagnostics.sql,ce8552121ab1f299947432ddbb6b00572f5e6d97e5919e297c3527ca34c4ac8c,ce8552121ab1f299947432ddbb6b00572f5e6d97e5919e297c3527ca34c4ac8c,True
quotecore-plus/backend/supabase/migrations/quotecore_v2_patch_055_auth_session_debug.sql,3c83b17ca939715736638d387881ff461da9f6dfe25a6563397946a628afb181,3c83b17ca939715736638d387881ff461da9f6dfe25a6563397946a628afb181,True
quotecore-plus/backend/supabase/migrations/quotecore_v2_patch_055_supplier_tool_outputs_rls.sql,d72e50be27235d134a8ecc6230a399f70f71283f7a805b6af245d1097266819e,d72e50be27235d134a8ecc6230a399f70f71283f7a805b6af245d1097266819e,True
quotecore-plus/e2e/config/account-matrix.ts,1941ec767646900adbc6f330d8554051373fecc511448d466152a0fc0975259d,1941ec767646900adbc6f330d8554051373fecc511448d466152a0fc0975259d,True
quotecore-plus/e2e/config/accounts.ts,08347edee9639023ed310ac049d15651baf51ee765a0a5992a03975425be211a,08347edee9639023ed310ac049d15651baf51ee765a0a5992a03975425be211a,True
quotecore-plus/e2e/config/guard.ts,74972e69b00741012003005391fc7a9084b95359b8375e684d0296bc799f3f8d,74972e69b00741012003005391fc7a9084b95359b8375e684d0296bc799f3f8d,True
quotecore-plus/e2e/config/localGuard.ts,0ec4faef889b95be8c72eeae29231aeac0ea9ddfc20c214148989e34c52fef2f,0ec4faef889b95be8c72eeae29231aeac0ea9ddfc20c214148989e34c52fef2f,True
quotecore-plus/e2e/config/noise-allowlist.ts,2ee1585278a4f36680ab6444a3ef68efc2987156b833f8435476b0269baa8580,2ee1585278a4f36680ab6444a3ef68efc2987156b833f8435476b0269baa8580,True
quotecore-plus/e2e/fixtures/auth.ts,976f462b3f317296a528dc60e4aafa0ce90ccb5907f3c15f9bf7cdbb7a7878d7,976f462b3f317296a528dc60e4aafa0ce90ccb5907f3c15f9bf7cdbb7a7878d7,True
quotecore-plus/e2e/fixtures/base.ts,e1076f42890bcc9566a755bf9a87a42e5f976cb7b6b41f7b3479e9139fc37417,e1076f42890bcc9566a755bf9a87a42e5f976cb7b6b41f7b3479e9139fc37417,True
quotecore-plus/e2e/fixtures/evidence.ts,7f0a367954717cbd81e6db88ef659f1491f933aee309e05d51078cca8b9a71df,7f0a367954717cbd81e6db88ef659f1491f933aee309e05d51078cca8b9a71df,True
quotecore-plus/e2e/fixtures/run-context.ts,2c0b6e4c287a998c3c7291fbd2d9ff79e3ba69a057ccbf2284794b469944032f,2c0b6e4c287a998c3c7291fbd2d9ff79e3ba69a057ccbf2284794b469944032f,True
quotecore-plus/e2e/helpers/keyboardless-takeoff.ts,da0bf6d1e983e9beefdbf9997de41bb2b2bc9b154c13c641384449b4f76d7570,da0bf6d1e983e9beefdbf9997de41bb2b2bc9b154c13c641384449b4f76d7570,True
quotecore-plus/e2e/helpers/touch-ux.ts,132357bf6738443f0424bc34c323ef1047ab844e3176c2d3d4cb357b0bd94082,132357bf6738443f0424bc34c323ef1047ab844e3176c2d3d4cb357b0bd94082,True
quotecore-plus/e2e/pages/login.page.ts,007b356480f7a87a4ce55938d6c9e99fd6bc4537e0eb209696e4c11674f18e2c,007b356480f7a87a4ce55938d6c9e99fd6bc4537e0eb209696e4c11674f18e2c,True
quotecore-plus/e2e/pages/quote-builder.page.ts,1881ebfa818845bf2658b9c6a5522c2a99047834a277a4b5db15b5916aa990fa,1881ebfa818845bf2658b9c6a5522c2a99047834a277a4b5db15b5916aa990fa,True
quotecore-plus/e2e/pages/quotes.page.ts,9bd17726a1358bd51999360552368f1410d5eae22fc79a7598c8bcc832db921f,9bd17726a1358bd51999360552368f1410d5eae22fc79a7598c8bcc832db921f,True
quotecore-plus/e2e/pages/takeoff.page.ts,1535f963dac9ead8d24e7fb9dcd938887c43cc5e3eb49a1430b8ae41ca31b0bd,1535f963dac9ead8d24e7fb9dcd938887c43cc5e3eb49a1430b8ae41ca31b0bd,True
quotecore-plus/e2e/scripts/check-imports.ts,3f23318965bdba98af9fdd821b1dda879d81891e99e43d333d123d318bbc3565,3f23318965bdba98af9fdd821b1dda879d81891e99e43d333d123d318bbc3565,True
quotecore-plus/e2e/scripts/u0-check-flags.cjs,5d3b6ec9b916a79042a6db53f218b58a67376234f96d79bc0ce1b7d26bcad888,5d3b6ec9b916a79042a6db53f218b58a67376234f96d79bc0ce1b7d26bcad888,True
quotecore-plus/e2e/scripts/u0-dump-annotations.cjs,5e98a9fd909f346ce28f3278827f7ad2405cea298cfeea0413f241f25d5e33e2,5e98a9fd909f346ce28f3278827f7ad2405cea298cfeea0413f241f25d5e33e2,True
quotecore-plus/e2e/specs/access-boundaries.spec.ts,7060a6f4ec7378f986a189b5d05dbc9be1f0ab9b18d767c12d4310e713bdf87c,7060a6f4ec7378f986a189b5d05dbc9be1f0ab9b18d767c12d4310e713bdf87c,True
quotecore-plus/e2e/specs/attachments-public.spec.ts,eebb74a5fa5a546c3dde6a5cfeb44639c8ab3974799feb09a2dea71ac8b90665,eebb74a5fa5a546c3dde6a5cfeb44639c8ab3974799feb09a2dea71ac8b90665,True
quotecore-plus/e2e/specs/auth-routing.spec.ts,b73536c4084a51f793992faa969b5e3150de35634a8d956afc2d920864dfca12,b73536c4084a51f793992faa969b5e3150de35634a8d956afc2d920864dfca12,True
quotecore-plus/e2e/specs/calculations-catalogue.spec.ts,5866a6c831d7ff0c64aaa005cda402bdfb3f6e5ea46a3e19700a3cd7ac1ff994,5866a6c831d7ff0c64aaa005cda402bdfb3f6e5ea46a3e19700a3cd7ac1ff994,True
quotecore-plus/e2e/specs/invoices-orders.spec.ts,ba5c251d8f28c70f0782f3a11ae5d355ce4d7f36f010bad862d8f3174960af8a,ba5c251d8f28c70f0782f3a11ae5d355ce4d7f36f010bad862d8f3174960af8a,True
quotecore-plus/e2e/specs/phase-b-tenant-isolation.spec.ts,71f308003120f498d63eb04466f66565248734a95b39ccba6a0f58b0c757448c,71f308003120f498d63eb04466f66565248734a95b39ccba6a0f58b0c757448c,True
quotecore-plus/e2e/specs/phase-c-supplier-catalogue.spec.ts,6f334f695e55370844a115df7a626a0cad28e1a73f65d4ba53678eaadb5a8ec8,6f334f695e55370844a115df7a626a0cad28e1a73f65d4ba53678eaadb5a8ec8,True
quotecore-plus/e2e/specs/phase-d-quote-takeoff-persistence.spec.ts,09e78b8224d4111bc39e04771e29b93cd0a37b341fe0f1233ce544aeab68a407,09e78b8224d4111bc39e04771e29b93cd0a37b341fe0f1233ce544aeab68a407,True
quotecore-plus/e2e/specs/phase25-attachment-isolation.spec.ts,08615f1cf7ac58debe2d2ac43d2d8b72d6737d4e61cf0932c0d9c584de8f6bce,08615f1cf7ac58debe2d2ac43d2d8b72d6737d4e61cf0932c0d9c584de8f6bce,True
quotecore-plus/e2e/specs/phase25-mobile-public-smoke.spec.ts,2acc1c12d1a2de32b9b483fa6b84cfff7aa4f2c7265a2ac3c94af517c6c9df13,2acc1c12d1a2de32b9b483fa6b84cfff7aa4f2c7265a2ac3c94af517c6c9df13,True
quotecore-plus/e2e/specs/phase25-money-calc.spec.ts,64d29b9a4766a6cfeafadff2fbcb19e2767bd242d97116ae34aecf82a9be43c2,64d29b9a4766a6cfeafadff2fbcb19e2767bd242d97116ae34aecf82a9be43c2,True
quotecore-plus/e2e/specs/phase25-paid-feature-enforcement.spec.ts,244be5780ea6366bc48c1e53d4c02571e47d7c2a85ea0d9446b6a8838f0b924d,244be5780ea6366bc48c1e53d4c02571e47d7c2a85ea0d9446b6a8838f0b924d,True
quotecore-plus/e2e/specs/phase25-public-link-privacy.spec.ts,1786d1182000c52d716ada87496b23780e2bc10876229e6f17558002e528f3dc,1786d1182000c52d716ada87496b23780e2bc10876229e6f17558002e528f3dc,True
quotecore-plus/e2e/specs/phase25-suspended-expired.spec.ts,28731f27e66fdb4ab8dcf41e6ec41362f4fb7a9faed56d81f41488094d3cc9b2,28731f27e66fdb4ab8dcf41e6ec41362f4fb7a9faed56d81f41488094d3cc9b2,True
quotecore-plus/e2e/specs/phase25-upload-boundary.spec.ts,e3cf83a2651dd47e94b1f16319d5d08976d510d82a84ed903817a3505ae624e3,e3cf83a2651dd47e94b1f16319d5d08976d510d82a84ed903817a3505ae624e3,True
quotecore-plus/e2e/specs/phase26-ai-takeoff-pipeline.spec.ts,cc937bd853d3e40770b5f0f0e92ac796bcae0f373fc58f44cec5d57ee5d3a2da,cc937bd853d3e40770b5f0f0e92ac796bcae0f373fc58f44cec5d57ee5d3a2da,True
quotecore-plus/e2e/specs/phase26-document-send-flow.spec.ts,35cb4a86ee06a28c519d25068f7cd7ec01b5bad4e33de9a5bcb1653195099b0f,35cb4a86ee06a28c519d25068f7cd7ec01b5bad4e33de9a5bcb1653195099b0f,True
quotecore-plus/e2e/specs/phase26-multi-page-takeoff.spec.ts,7dc58dec2d6a77292082e00476b400c8374655136b66dc0c80d0943576ced2da,7dc58dec2d6a77292082e00476b400c8374655136b66dc0c80d0943576ced2da,True
quotecore-plus/e2e/specs/plans-entitlements.spec.ts,048d1b8d96e7cb8d5ef34feaefeb8f499f890ce81c59801138ef142a35994de0,048d1b8d96e7cb8d5ef34feaefeb8f499f890ce81c59801138ef142a35994de0,True
quotecore-plus/e2e/specs/public-surface.spec.ts,8c9c246e63dd68c4e0b5b97ba37bf51babd13316973321d84511b8fd3c6aed23,8c9c246e63dd68c4e0b5b97ba37bf51babd13316973321d84511b8fd3c6aed23,True
quotecore-plus/e2e/specs/quotes-customers.spec.ts,0df8bbd2fbf578ad6d7f39db68b4f451f13057f6949949c6e37ca6684fc9efff,0df8bbd2fbf578ad6d7f39db68b4f451f13057f6949949c6e37ca6684fc9efff,True
quotecore-plus/e2e/specs/resilience.spec.ts,15102611444acb4e8b23c2ce7a0f7a4eaceac9b1838192dc889c46b176418bb4,15102611444acb4e8b23c2ce7a0f7a4eaceac9b1838192dc889c46b176418bb4,True
quotecore-plus/e2e/specs/takeoff-ai-ui.spec.ts,7d997f659f411818141fb202e41ac22d6d4cfd698e6af39ecd137c5eeeb1c1e7,7d997f659f411818141fb202e41ac22d6d4cfd698e6af39ecd137c5eeeb1c1e7,True
quotecore-plus/e2e/specs/takeoff-touch-precision.spec.ts,3d92826772a5f14b4f618a33a9406cf4cfba4763edc125cc473082cb493be045,3d92826772a5f14b4f618a33a9406cf4cfba4763edc125cc473082cb493be045,True
quotecore-plus/e2e/specs/takeoff-touch-ux.spec.ts,79cccb48fe189ee652d6b480b673a1056768399b565ed2ae05db46cdd96ac86e,79cccb48fe189ee652d6b480b673a1056768399b565ed2ae05db46cdd96ac86e,True
quotecore-plus/e2e/test-data/roof-plan-sample.png,6b5c20812b96d6866828713cff0c0cbdccb2eafef37f395f2499ae0670f6b057,6b5c20812b96d6866828713cff0c0cbdccb2eafef37f395f2499ae0670f6b057,True
quotecore-plus/lib/analytics.ts,b4129f2ba21344af401f1be760b847fe5818cf74d6d7ebf72e9c718452fda96d,b4129f2ba21344af401f1be760b847fe5818cf74d6d7ebf72e9c718452fda96d,True
quotecore-plus/lib/app-url.ts,b89de04fb3582cd3aaf6a9a34998aad953f8e3e6e8b360874db15fdabfe862c0,b89de04fb3582cd3aaf6a9a34998aad953f8e3e6e8b360874db15fdabfe862c0,True
quotecore-plus/lib/consent.ts,5ba909a90636cc4f9eb8688e7aca85eb43f0a6056e7e3491b9096efb21415ece,5ba909a90636cc4f9eb8688e7aca85eb43f0a6056e7e3491b9096efb21415ece,True
quotecore-plus/lib/faqs.ts,e0e5f1fb299baae2565e3ae2c6fbbaca592384a0e7e4626515122c349f8dbbd6,e0e5f1fb299baae2565e3ae2c6fbbaca592384a0e7e4626515122c349f8dbbd6,True
quotecore-plus/lib/pricing.ts,67e639267b56796fbfc0c67523a0f3b33bc5ec8c87e62dec4c4f0ae1915d0f32,67e639267b56796fbfc0c67523a0f3b33bc5ec8c87e62dec4c4f0ae1915d0f32,True
quotecore-plus/lib/schema.ts,b1eb1d060722ecc4a15ca0b7ca264dc159c1468f0ee47da3fe3aa4a2705d9466,b1eb1d060722ecc4a15ca0b7ca264dc159c1468f0ee47da3fe3aa4a2705d9466,True
quotecore-plus/lib/supabase.ts,1a5812ebe32a861ab1c03f78e101406d6f381c70df05b31f41da90883c74ec47,1a5812ebe32a861ab1c03f78e101406d6f381c70df05b31f41da90883c74ec47,True
quotecore-plus/lib/supplier-catalogue.ts,40c6ef24b0d934a9f05a3523fe52f00108c62d5e5cbcf8e5f0bfb78cbc1c5e6c,40c6ef24b0d934a9f05a3523fe52f00108c62d5e5cbcf8e5f0bfb78cbc1c5e6c,True
quotecore-plus/lib/supplier-directory.ts,d2e18e96ba5dd41fdce445c8b40ffeb9f9aa360963bdf83237b95dc0b6c2e454,d2e18e96ba5dd41fdce445c8b40ffeb9f9aa360963bdf83237b95dc0b6c2e454,True
quotecore-plus/lib/supplier-validation.ts,703b74224959b0de9757663b21e2a7cd43c703447702130c157f94a7ead6c59e,703b74224959b0de9757663b21e2a7cd43c703447702130c157f94a7ead6c59e,True
quotecore-plus/lib/videos.ts,547f8e070fc77471d86869cbaceba67f1700eab2730c918df3f2add3f026dbfc,547f8e070fc77471d86869cbaceba67f1700eab2730c918df3f2add3f026dbfc,True
quotecore-plus/lib/competitor-pages/bluebeam.ts,ee3d8d7f63742b1a2cf5017c9557584ffd2b801b7c1a1ad5d1acec17499b36ef,ee3d8d7f63742b1a2cf5017c9557584ffd2b801b7c1a1ad5d1acec17499b36ef,True
quotecore-plus/lib/competitor-pages/eagleview.ts,ed4aa96fd74f0e410686156043b2b7798354acab10142d4c5f9a3d6e3fd35133,ed4aa96fd74f0e410686156043b2b7798354acab10142d4c5f9a3d6e3fd35133,True
quotecore-plus/lib/competitor-pages/hover.ts,d4004c910d9133e9bb0b2c5e750091e5d198d1100b5d8acbb21322106e3dd7dd,d4004c910d9133e9bb0b2c5e750091e5d198d1100b5d8acbb21322106e3dd7dd,True
quotecore-plus/lib/competitor-pages/planswift.ts,eec16464a0142e076704936c2a3912557205719696e20094fea572894df2b86b,eec16464a0142e076704936c2a3912557205719696e20094fea572894df2b86b,True
quotecore-plus/lib/competitor-pages/roofr.ts,917efbfc128c542801014d7d1e1f905bcc0407df2ac28576e67993392ad93f4c,917efbfc128c542801014d7d1e1f905bcc0407df2ac28576e67993392ad93f4c,True
quotecore-plus/lib/competitor-pages/roofsnap.ts,7ecc83864db8ba97e1014ed2cad530f1f3017540bb058b011bc59ced978aa5b5,7ecc83864db8ba97e1014ed2cad530f1f3017540bb058b011bc59ced978aa5b5,True
quotecore-plus/lib/competitor-pages/stack.ts,143651b585d270e438ed68d7481fc14f9805df61ee7ba8ba30b47b4cea5b7803,143651b585d270e438ed68d7481fc14f9805df61ee7ba8ba30b47b4cea5b7803,True
quotecore-plus/lib/competitor-pages/types.ts,6c3edfc0dbf0442610bf93796ba9b9ece8a18385a4794417d4ad20d16608f8b4,6c3edfc0dbf0442610bf93796ba9b9ece8a18385a4794417d4ad20d16608f8b4,True
quotecore-plus/lib/seo/dual-domain.ts,7dca514e26f66f80595f3bff909af4d81b3931a5f816f196c6518566755fadcd,7dca514e26f66f80595f3bff909af4d81b3931a5f816f196c6518566755fadcd,True
quotecore-plus/lib/seo/hreflang.ts,7fdfeceae998d6af581f55b039f80528307b62da522a48a8abbd91701ea17404,7fdfeceae998d6af581f55b039f80528307b62da522a48a8abbd91701ea17404,True
quotecore-plus/lib/seo/site-url.ts,b681e86a5a80d5eebbed73c7e50f080df86d6a4878a0e581b90ff3d4cafff46b,b681e86a5a80d5eebbed73c7e50f080df86d6a4878a0e581b90ff3d4cafff46b,True
quotecore-plus/scripts/astra-brief-review.mjs,ff64b21d70639a4ee97cf22f397c1673f326c5a30c68dd91fb29843b9ed0cff2,ff64b21d70639a4ee97cf22f397c1673f326c5a30c68dd91fb29843b9ed0cff2,True
quotecore-plus/scripts/audit-guide-targets.mjs,0b61d46196e452947253b8d5db4152870a9ccf58fbe4c60cd784cb9070bdf655,0b61d46196e452947253b8d5db4152870a9ccf58fbe4c60cd784cb9070bdf655,True
quotecore-plus/scripts/backfill-component-collections.mjs,0da8c534b2ed487d764043b13c30dd3648b0da05c417ef644e80316bf23254a4,0da8c534b2ed487d764043b13c30dd3648b0da05c417ef644e80316bf23254a4,True
quotecore-plus/scripts/build-workflows.mjs,e68ea1edb19c71f312b0988acf5553ed90f1c86745fe735b828dfa43fb3abb5f,e68ea1edb19c71f312b0988acf5553ed90f1c86745fe735b828dfa43fb3abb5f,True
quotecore-plus/scripts/check-db-tables.mjs,2b894df179faa7b18c4d568fc2c78c61b50c3e037ef01d4a8e52dfa92d7c3c83,2b894df179faa7b18c4d568fc2c78c61b50c3e037ef01d4a8e52dfa92d7c3c83,True
quotecore-plus/scripts/check-doc-links.ps1,8a7de6f7c7aeb8d48bed05ae06dde5c0a319f9e578b25e9295f03689a4d9aa48,8a7de6f7c7aeb8d48bed05ae06dde5c0a319f9e578b25e9295f03689a4d9aa48,True
quotecore-plus/scripts/check-export.cjs,ecbb8ca1a09cfebc042f6844872ce33a468aa03751e32c406325004fd895554a,ecbb8ca1a09cfebc042f6844872ce33a468aa03751e32c406325004fd895554a,True
quotecore-plus/scripts/check-price-drift.mjs,3c0de939299e92306f14be4cebbed0dbe417dd0d4ac4747146111095a9bb3828,3c0de939299e92306f14be4cebbed0dbe417dd0d4ac4747146111095a9bb3828,True
quotecore-plus/scripts/check-server-deps.mjs,b40b27161f9b0bbca5a05bd48d2a5d7a9490efa33158bfe6bc79d1f56bae3d05,b40b27161f9b0bbca5a05bd48d2a5d7a9490efa33158bfe6bc79d1f56bae3d05,True
quotecore-plus/scripts/check-suppression.mjs,0ea95928f1957f966564c3eb9d60b35fdab914df148ca6bd7b966678be3c4749,0ea95928f1957f966564c3eb9d60b35fdab914df148ca6bd7b966678be3c4749,True
quotecore-plus/scripts/crawl-sitemap.mjs,fe6b126be8acb8cfe124025698607428c11f245ac0ba6e99e3ebba13645db3b5,fe6b126be8acb8cfe124025698607428c11f245ac0ba6e99e3ebba13645db3b5,True
quotecore-plus/scripts/create-admin-coupons.mjs,6645137acfa73c76bc82c90ec7d9d12a75078ed88e6d110eb1c768d16d138b93,6645137acfa73c76bc82c90ec7d9d12a75078ed88e6d110eb1c768d16d138b93,True
quotecore-plus/scripts/create-logos.cjs,83a7ee4a3295603d828264fde8b4f619a4589e66c5fd2e8b43db92900161ebe6,83a7ee4a3295603d828264fde8b4f619a4589e66c5fd2e8b43db92900161ebe6,True
quotecore-plus/scripts/create-winback70.mjs,4d121e2a291ef858047f692c3706e4562e6023dc547aab3d8145edde2043d159,4d121e2a291ef858047f692c3706e4562e6023dc547aab3d8145edde2043d159,True
quotecore-plus/scripts/debug-builder-reset.mjs,b8ab56e36f73888f4f074b5f775d39b0194acb760a6c8117acaafee14f0bb979,b8ab56e36f73888f4f074b5f775d39b0194acb760a6c8117acaafee14f0bb979,True
quotecore-plus/scripts/debug-xero-export.mjs,6b9990e65ae1a1bd92c16c10f6743b07de46d334d743330207217f28326f6a42,6b9990e65ae1a1bd92c16c10f6743b07de46d334d743330207217f28326f6a42,True
quotecore-plus/scripts/diag-suppression-check.mjs,14e523edc919c403737d41f48ba3419a863dc6346c3ae45b30c177db9fb22bf3,14e523edc919c403737d41f48ba3419a863dc6346c3ae45b30c177db9fb22bf3,True
quotecore-plus/scripts/embed-docs.mjs,ff2f8bfa613cb60961ad4fcea1bc70fd66126d55b739bd6f4c2b4a2587be709c,ff2f8bfa613cb60961ad4fcea1bc70fd66126d55b739bd6f4c2b4a2587be709c,True
quotecore-plus/scripts/fix-hero-cta-widths.cjs,337e7cc893f8848b0aee1b4e19af30db313f503b2a7aaa7dd81fbafa7f3a4b36,337e7cc893f8848b0aee1b4e19af30db313f503b2a7aaa7dd81fbafa7f3a4b36,True
quotecore-plus/scripts/fix-mojibake-takeoff.js,1c2b8709f369c9414de65749713aaf7c2fdbbe61fcb9ed64aec04307c29d6832,1c2b8709f369c9414de65749713aaf7c2fdbbe61fcb9ed64aec04307c29d6832,True
quotecore-plus/scripts/fix-mojibake.cjs,9dd4f07e2115c0b9da9c3efb9e71f01cfa36cf63553c083ed24af970ede90efc,9dd4f07e2115c0b9da9c3efb9e71f01cfa36cf63553c083ed24af970ede90efc,True
quotecore-plus/scripts/fix-supplier-widths.cjs,eb6bbcaec340462df40fc323fa8d8fdd2f543d077abcc17bb6868ac0744d672e,eb6bbcaec340462df40fc323fa8d8fdd2f543d077abcc17bb6868ac0744d672e,True
quotecore-plus/scripts/gen-study-data.mjs,8fc6568b66fae54650319e1b6164a2df14d25b9afa48ef5a63fa5316ec70e993,8fc6568b66fae54650319e1b6164a2df14d25b9afa48ef5a63fa5316ec70e993,True
quotecore-plus/scripts/generate-blog-link-map.mjs,d553521548de44fc2500e1a7cbaf6c3f4507727e892376c61aa3994e86924b79,d553521548de44fc2500e1a7cbaf6c3f4507727e892376c61aa3994e86924b79,True
quotecore-plus/scripts/inspect-user.js,6aae5fb530b93a58e5cb3f596222798d11613b3a36bc924bf4e580b0fa161cc3,6aae5fb530b93a58e5cb3f596222798d11613b3a36bc924bf4e580b0fa161cc3,True
quotecore-plus/scripts/list-debug-images.mjs,a3de590c31ebffe7288c84cfc6836addc71ed3270d16a9794f851a259a42889c,a3de590c31ebffe7288c84cfc6836addc71ed3270d16a9794f851a259a42889c,True
quotecore-plus/scripts/list-templates.js,4b4967ac0d658e774a29b7e0287efceed7e308bd35155eb3e078d95af2d8961b,4b4967ac0d658e774a29b7e0287efceed7e308bd35155eb3e078d95af2d8961b,True
quotecore-plus/scripts/normalize-feature-widths.cjs,4144230efe77ea52ace37ea5eeae6766e0b3008c65e098a05478508100a531b8,4144230efe77ea52ace37ea5eeae6766e0b3008c65e098a05478508100a531b8,True
quotecore-plus/scripts/q-comped-emails.ps1,e8ca40303df19779f0535b9574c8bd690c60d00b6410b3d238ba664e2ad7de21,e8ca40303df19779f0535b9574c8bd690c60d00b6410b3d238ba664e2ad7de21,True
quotecore-plus/scripts/q-roofline-usage.ps1,7a6fcdc0f2094797cb139ef3779733427b326050c139257ee192114132ac2686,7a6fcdc0f2094797cb139ef3779733427b326050c139257ee192114132ac2686,True
quotecore-plus/scripts/register-ts-resolver.mjs,4aa882102bb0ce9bee9b1e2e43bbc3de39a0e0c5774960d0e4a92862563ebbf1,4aa882102bb0ce9bee9b1e2e43bbc3de39a0e0c5774960d0e4a92862563ebbf1,True
quotecore-plus/scripts/render-adhoc-live.ts,58548567c33176c7bcb1181ca040d619207a94bfbc9db1cf0227259529dea27c,58548567c33176c7bcb1181ca040d619207a94bfbc9db1cf0227259529dea27c,True
quotecore-plus/scripts/render-adhoc-preview.ts,513fec08a3d79235263bc51ce80094da7b53184c19cfae683c3db89d301ead41,513fec08a3d79235263bc51ce80094da7b53184c19cfae683c3db89d301ead41,True
quotecore-plus/scripts/replace-em-dashes.mjs,3d37373b282d7cae0deaf4133ef6f2eb6ff1bc0198b5f2a84deba01a455cfe4b,3d37373b282d7cae0deaf4133ef6f2eb6ff1bc0198b5f2a84deba01a455cfe4b,True
quotecore-plus/scripts/reset-password.js,62a49c3b794754bb2106a6579d706d5f78dac88d616c54d3f6838fdfdca89000,62a49c3b794754bb2106a6579d706d5f78dac88d616c54d3f6838fdfdca89000,True
quotecore-plus/scripts/scaffold-docs.ps1,7eb3c05f479f2ec2a6a1296ddde315fb33865bd896ea9d54d209c9bd4ab112f9,7eb3c05f479f2ec2a6a1296ddde315fb33865bd896ea9d54d209c9bd4ab112f9,True
quotecore-plus/scripts/scan-all-container-widths.cjs,be3e47f1006584abd3af2c01ca73d43721410ff462204ee73e8a2453ee3599f1,be3e47f1006584abd3af2c01ca73d43721410ff462204ee73e8a2453ee3599f1,True
quotecore-plus/scripts/scan-mixed-widths.cjs,7799bdd753f931596f29c94ee7a3674b7eb92bde66da2d447e9272d48306d91a,7799bdd753f931596f29c94ee7a3674b7eb92bde66da2d447e9272d48306d91a,True
quotecore-plus/scripts/scan-mojibake.js,f2324c54c2771bd657449639d243c1f9ec9358c1076c2c3e8f478953df238f31,f2324c54c2771bd657449639d243c1f9ec9358c1076c2c3e8f478953df238f31,True
quotecore-plus/scripts/scan-mojibake.mjs,61b2c7ee02422cfe767947f022a95ac2a21b30459fb0f2c207f416be22ced941,61b2c7ee02422cfe767947f022a95ac2a21b30459fb0f2c207f416be22ced941,True
quotecore-plus/scripts/seed-stripe-products.mjs,13fe0e56f01e25fe61033a6fd21eab01d03344c6d5d2a41e3dba5a2b19ff91bb,13fe0e56f01e25fe61033a6fd21eab01d03344c6d5d2a41e3dba5a2b19ff91bb,True
quotecore-plus/scripts/seed-ui-registry.mjs,1917dcaef5e815d414076cdf0b9b0c66a3cafc8519fa1e6b2a1bac04ebb01b3e,1917dcaef5e815d414076cdf0b9b0c66a3cafc8519fa1e6b2a1bac04ebb01b3e,True
quotecore-plus/scripts/send-adhoc-email.ts,327004e53d9b0e9624e7a956e0e29b2299c08865e264c4890c9df1510fe9bf25,327004e53d9b0e9624e7a956e0e29b2299c08865e264c4890c9df1510fe9bf25,True
quotecore-plus/scripts/send-live-test.ts,1310d7d142325b3a43eba814800fba3e9318927c403acc68a0bd8477d13f4e3d,1310d7d142325b3a43eba814800fba3e9318927c403acc68a0bd8477d13f4e3d,True
quotecore-plus/scripts/seo-check.mjs,4b602d1f019580fa7eef193f626e61592c1097e8f43c52adf116b24f35d1907f,4b602d1f019580fa7eef193f626e61592c1097e8f43c52adf116b24f35d1907f,True
quotecore-plus/scripts/smoke-ai-calibration.mjs,9356236aa8e28fdeff8926e4a2c9769a321805bee470aebd33300f1e97fa1838,9356236aa8e28fdeff8926e4a2c9769a321805bee470aebd33300f1e97fa1838,True
quotecore-plus/scripts/submit-indexnow.mjs,c1c4129b8509bfc57ffd27585ad6aba3dcff36ae05cf626b55056c4a1badd382,c1c4129b8509bfc57ffd27585ad6aba3dcff36ae05cf626b55056c4a1badd382,True
quotecore-plus/scripts/test-active-component-allowance.mjs,06c429b5054324fa60c4bba5992a911e7618f8f6e0bf61987baf22bcb5876aeb,06c429b5054324fa60c4bba5992a911e7618f8f6e0bf61987baf22bcb5876aeb,True
quotecore-plus/scripts/test-ai-scan.mjs,6314f7dd629ae88ba462075de0e785a4f9d892c885af819b8cfffde4749e544b,6314f7dd629ae88ba462075de0e785a4f9d892c885af819b8cfffde4749e544b,True
quotecore-plus/scripts/test-bootstrap-concurrency.mjs,3a2a1d23a506cd89295b20380a9730ba409c216f96fdef6c916c051795bbe9e8,3a2a1d23a506cd89295b20380a9730ba409c216f96fdef6c916c051795bbe9e8,True
quotecore-plus/scripts/test-calibration-atomic-commit.mjs,229f00dd4585e77e9efd922541e0c27d2b757ddd5858e8f909010c4c8efdc01a,229f00dd4585e77e9efd922541e0c27d2b757ddd5858e8f909010c4c8efdc01a,True
quotecore-plus/scripts/test-calibration-e2e.mjs,e7509cd9c4527f18d194dcb1fe458fa0231892c7099bad91042dd38f168290f0,e7509cd9c4527f18d194dcb1fe458fa0231892c7099bad91042dd38f168290f0,True
quotecore-plus/scripts/test-calibration-ledger.mjs,4c43c1b7f4a74c865320f0aad39516436c1611fbe9c49e4595140d6357d012d3,4c43c1b7f4a74c865320f0aad39516436c1611fbe9c49e4595140d6357d012d3,True
quotecore-plus/scripts/test-combined-lineal-entries.mjs,37661a0dc6ce7ecdde1ff374ada4840209e8270ee7765ffd8a5a30974b5b19d6,37661a0dc6ce7ecdde1ff374ada4840209e8270ee7765ffd8a5a30974b5b19d6,True
quotecore-plus/scripts/test-create-quote-atomic-phase4.mjs,0fe0a0ceb9bcc5ece0910bf7723b81f1d04d3929880c5e26d780730ce5c291af,0fe0a0ceb9bcc5ece0910bf7723b81f1d04d3929880c5e26d780730ce5c291af,True
quotecore-plus/scripts/test-create-quote-atomic.mjs,a76535bd13618fecfe3d6f9bb99b6b0c6177fead19c0077cb692e9a7be87b012,a76535bd13618fecfe3d6f9bb99b6b0c6177fead19c0077cb692e9a7be87b012,True
quotecore-plus/scripts/test-dispatch-gate.mjs,7fa42fa3cecff49f0b0e7e535d9955571d43dee6f53359e375cc4a95d64abbea,7fa42fa3cecff49f0b0e7e535d9955571d43dee6f53359e375cc4a95d64abbea,True
quotecore-plus/scripts/test-entitlements.mjs,c6f91978c763f04512a8cbd83dcad6cf1df4305a6c7ea84df25211a6d0826a88,c6f91978c763f04512a8cbd83dcad6cf1df4305a6c7ea84df25211a6d0826a88,True
quotecore-plus/scripts/test-generic-quote-flow.mjs,868f1ba91204daafbebdc698a0bfa7ca4bf9a7302bb52ad2e38afc0f5b0e1a13,868f1ba91204daafbebdc698a0bfa7ca4bf9a7302bb52ad2e38afc0f5b0e1a13,True
quotecore-plus/scripts/test-library-cap-triggers.mjs,057d06f3fdb0f4a9915b5d1d7eac9246f2dbd16eafd2306204d3c58700c836b7,057d06f3fdb0f4a9915b5d1d7eac9246f2dbd16eafd2306204d3c58700c836b7,True
quotecore-plus/scripts/test-login.js,a1523a8c0464a9e687f0948a4b999c6525220ba5d72573fd0ba5c7f2e8436714,a1523a8c0464a9e687f0948a4b999c6525220ba5d72573fd0ba5c7f2e8436714,True
quotecore-plus/scripts/test-micro-clusters.mts,a6da6ab40235d7565bf70079d050afe6638971a37788148e5795698c4ac42732,a6da6ab40235d7565bf70079d050afe6638971a37788148e5795698c4ac42732,True
quotecore-plus/scripts/test-multi-lineal-tool.mjs,1395c8fff82c1f7def369488627108de2fa6c8efa49874951582428053c622f6,1395c8fff82c1f7def369488627108de2fa6c8efa49874951582428053c622f6,True
quotecore-plus/scripts/test-no-area-quote.mjs,47a0ff6670a9e1f8a9ec01cba5b3962852f77a378fc62dcbd25c4bd2bc52007d,47a0ff6670a9e1f8a9ec01cba5b3962852f77a378fc62dcbd25c4bd2bc52007d,True
quotecore-plus/scripts/test-pricing-strategies.mjs,c76259f6b5194d3254fb26b96f1d3af0634ac23c03523a5771f7f2ee28a9b044,c76259f6b5194d3254fb26b96f1d3af0634ac23c03523a5771f7f2ee28a9b044,True
quotecore-plus/scripts/test-quote-file-upload-tiers.mjs,30ae64208e85561388e692747190162703ed5ad7e9d1ba5e30818441536b6dd2,30ae64208e85561388e692747190162703ed5ad7e9d1ba5e30818441536b6dd2,True
quotecore-plus/scripts/test-regression-matrix.mjs,e5caf2e28baf2fccee1ba8d7b56627d0d1433377fb77e0706922e0b654c46e72,e5caf2e28baf2fccee1ba8d7b56627d0d1433377fb77e0706922e0b654c46e72,True
quotecore-plus/scripts/test-rls-companies-billing-lockdown.mjs,017738b8e0e8f00857ffd0305995596d94cb0b01d1984c98c197708f53cb8b73,017738b8e0e8f00857ffd0305995596d94cb0b01d1984c98c197708f53cb8b73,True
quotecore-plus/scripts/test-rls-cross-company.mjs,8e5226068870176be651bc6e537125aee4cb8f0112afb6cf580f3c7dbcf1d315,8e5226068870176be651bc6e537125aee4cb8f0112afb6cf580f3c7dbcf1d315,True
quotecore-plus/scripts/test-rls-gates.mjs,9d6bcad1918d56869229250294f6c8e3129d60920e51a0714d3d2762d8b71ba9,9d6bcad1918d56869229250294f6c8e3129d60920e51a0714d3d2762d8b71ba9,True
quotecore-plus/scripts/test-rls-secdef-lockdown.mjs,b75d457ef2e22fd12ea55270530806a5bb8d342c5b3a1b8b41fd753966ccc1e9,b75d457ef2e22fd12ea55270530806a5bb8d342c5b3a1b8b41fd753966ccc1e9,True
quotecore-plus/scripts/test-rls-subevents-and-support-lockdown.mjs,78f5211ab649914fdfcd48f7352932e408ea98139f171ea030515653a3f67f40,78f5211ab649914fdfcd48f7352932e408ea98139f171ea030515653a3f67f40,True
quotecore-plus/scripts/test-safe-refinement.mts,f342329c85de27b1779052d06d938d239828457f55a91b97a75413317113175d,f342329c85de27b1779052d06d938d239828457f55a91b97a75413317113175d,True
quotecore-plus/scripts/test-smart-assistant.mjs,4803bb67e33d960327b18b1d19e2de6ed41f3cf0195a7e89df3b9ab31afb3396,4803bb67e33d960327b18b1d19e2de6ed41f3cf0195a7e89df3b9ab31afb3396,True
quotecore-plus/scripts/test-stop-get-noop.mjs,0869d24b73d3cf3a577b971aeb352a591266a278fd07aad5ffde40ffe696a44c,0869d24b73d3cf3a577b971aeb352a591266a278fd07aad5ffde40ffe696a44c,True
quotecore-plus/scripts/test-storage-signed-upload-only.mjs,a312bc0d8128cc6c931f298fd9ab8e554e975300823a26c8c3262963905bf2bb,a312bc0d8128cc6c931f298fd9ab8e554e975300823a26c8c3262963905bf2bb,True
quotecore-plus/scripts/test-stripe-live-flow.mjs,2a578868e591c075738f99eaa427aa0a6d9cc29f4b9916489601e99478b8d4d3,2a578868e591c075738f99eaa427aa0a6d9cc29f4b9916489601e99478b8d4d3,True
quotecore-plus/scripts/test-stroke-style.mts,a37f2fc465c3d5292e0d6a3d3ac8e29cdf0d27dc83e4ce9d7414a997d43c84fd,a37f2fc465c3d5292e0d6a3d3ac8e29cdf0d27dc83e4ce9d7414a997d43c84fd,True
quotecore-plus/scripts/test-trade-helper-imports.mjs,e51f36387ddf4a494fc639c105824164bc7574805c46dc3d36bd254679c0aa5d,e51f36387ddf4a494fc639c105824164bc7574805c46dc3d36bd254679c0aa5d,True
quotecore-plus/scripts/test-trial-reactivation-blocked.mjs,75a3d4a7277517c2f98825fd93b71722dd2d1076f50071ca78d42165e8825a32,75a3d4a7277517c2f98825fd93b71722dd2d1076f50071ca78d42165e8825a32,True
quotecore-plus/scripts/test-user-context-rpc-callers.mjs,dd94b1b7338e836908a6f044dad2cf14e3e28beea82f0f5dcda61f1ec0d9dfbe,dd94b1b7338e836908a6f044dad2cf14e3e28beea82f0f5dcda61f1ec0d9dfbe,True
quotecore-plus/scripts/test-webhook-retry-semantics.mjs,d9cfd61e25955390175d3822ae5415f6faf009b7f331fe779b23799136d7acac,d9cfd61e25955390175d3822ae5415f6faf009b7f331fe779b23799136d7acac,True
quotecore-plus/scripts/trigger-dev-dispatch.ps1,c407cd710f17c8934ec8de5363a2935cb691ed296662b5fdf68a88b728f6fe50,c407cd710f17c8934ec8de5363a2935cb691ed296662b5fdf68a88b728f6fe50,True
quotecore-plus/scripts/ts-resolve-hook.mjs,c839ee0e1e4ad63cf7db7b9a42b6997ef78618903dfa508610db8636399994f1,c839ee0e1e4ad63cf7db7b9a42b6997ef78618903dfa508610db8636399994f1,True
quotecore-plus/supabase/.temp/cli-latest,103e9d7a97f9a66c28586ffae6f8d81a90630d5cb2c537b23ed886a5e0e5ff01,103e9d7a97f9a66c28586ffae6f8d81a90630d5cb2c537b23ed886a5e0e5ff01,True
quotecore-plus/supabase/.temp/linked-project.json,829fabfd29c555a4800ae05934e46ea158234f12a09f8ac351fefc08466967f9,829fabfd29c555a4800ae05934e46ea158234f12a09f8ac351fefc08466967f9,True
quotecore-plus/supabase/migrations/20260611150000_pg_cron_dispatch_scheduled_messages.sql,246f6e7dc9269c0e20c792c404263e9cdd830a3fa6b2a6b07167f1b71ad62e0d,246f6e7dc9269c0e20c792c404263e9cdd830a3fa6b2a6b07167f1b71ad62e0d,True
quotecore-plus/supabase/migrations/20260612180000_users_tutorials_seen_at.sql,d543ea077e709565ca18d4fe7fd6de265ec670ba2cea530375be11b276b9348b,d543ea077e709565ca18d4fe7fd6de265ec670ba2cea530375be11b276b9348b,True
quotecore-plus/supabase/migrations/20260612190000_trial_rolls_into_free.sql,56507064e861dfb0a68028fa2d533d82d96ead4630643cd7c494504a279e5143,56507064e861dfb0a68028fa2d533d82d96ead4630643cd7c494504a279e5143,True
quotecore-plus/supabase/migrations/20260612200000_users_send_test_tip.sql,78a689d595a2529528a423b55f71947c0b87d7ca4071e37bd955e759723896e7,78a689d595a2529528a423b55f71947c0b87d7ca4071e37bd955e759723896e7,True
quotecore-plus/supabase/migrations/20260613100000_pg_cron_dispatch_vault_prod.sql,a784155e5cc3f5eb6c01337ddcda12972833fe4ca860fa768d6abe379fb01a2d,a784155e5cc3f5eb6c01337ddcda12972833fe4ca860fa768d6abe379fb01a2d,True
quotecore-plus/supabase/migrations/20260613110000_scheduled_messages_atomic_claim.sql,47c0171abea40fa9d88ddb461032e4f7f332a9c4e74d18839baae2c46dafd220,47c0171abea40fa9d88ddb461032e4f7f332a9c4e74d18839baae2c46dafd220,True
quotecore-plus/supabase/migrations/20260614100000_quantity_column.sql,dfcb1113d438b01a983c1db23917829794efcde7d9972db44ee7563463e08632,dfcb1113d438b01a983c1db23917829794efcde7d9972db44ee7563463e08632,True
quotecore-plus/supabase/migrations/20260614110000_hide_price_toggles.sql,df874ff761d4403907cc5b58f26aa78f35667c9377db5edc97863a67f31abc88,df874ff761d4403907cc5b58f26aa78f35667c9377db5edc97863a67f31abc88,True
quotecore-plus/supabase/migrations/20260614120000_margin_system.sql,2eed24d0bccdba876e0e0f0262e4b059d2267a31092e2b31b04978f3845364cb,2eed24d0bccdba876e0e0f0262e4b059d2267a31092e2b31b04978f3845364cb,True
quotecore-plus/supabase/migrations/20260614130000_quote_notes.sql,360107e6839ca075b60697544691fc63d03eaa4a111f204f8ebd07ed672564f3,360107e6839ca075b60697544691fc63d03eaa4a111f204f8ebd07ed672564f3,True
quotecore-plus/supabase/migrations/20260615120000_quote_notes_integrity.sql,92107ff6250e2d331dd1b2215636a86f1d7ac9659f9fb1f8f1f1e81224b26d02,92107ff6250e2d331dd1b2215636a86f1d7ac9659f9fb1f8f1f1e81224b26d02,True
quotecore-plus/supabase/migrations/20260615140000_quote_notes_length_caps_v2.sql,05ec4e4b83ef49d1665f1a8a318280f0d283c39fab49e9da3b5fc597733f69bb,05ec4e4b83ef49d1665f1a8a318280f0d283c39fab49e9da3b5fc597733f69bb,True
quotecore-plus/supabase/migrations/20260621120000_golive_audit_hardening.sql,e8ca69c31f4f29cfd92cedab67fe28d06cd9ef1c7faa0cee2b2cd13fe9d82532,e8ca69c31f4f29cfd92cedab67fe28d06cd9ef1c7faa0cee2b2cd13fe9d82532,True
quotecore-plus/supabase/migrations/20260621130000_fix_rpc_auth_and_invoice_selection.sql,0280920d3aa1641b26d10b006da91b04be29cafa0571a07269b4ce73254b01af,0280920d3aa1641b26d10b006da91b04be29cafa0571a07269b4ce73254b01af,True
quotecore-plus/supabase/migrations/20260622110000_fixed_quantity_priced_qty.sql,e63afb6f290d7c0acfab90de2aea7ea361d91ea86ddb4a46f8e61dbf259925a0,e63afb6f290d7c0acfab90de2aea7ea361d91ea86ddb4a46f8e61dbf259925a0,True
quotecore-plus/supabase/migrations/20260622120000_pack_size_snapshot.sql,c43cf4b0c7664b5a4084ec21c54ddb8c5007b235c70839b95cc2b044404c727b,c43cf4b0c7664b5a4084ec21c54ddb8c5007b235c70839b95cc2b044404c727b,True
quotecore-plus/supabase/migrations/20260622130000_add_solar_trade.sql,e3f8f4b90d5e7655f9575ef5401da8448254ccf4e7ee6f8c7ce12ba578202a16,e3f8f4b90d5e7655f9575ef5401da8448254ccf4e7ee6f8c7ce12ba578202a16,True
quotecore-plus/supabase/migrations/20260622140000_entry_mode_constraint.sql,20490bf713747739c3b7967f6ed731534798c9b1c0578b71e1a55222ae8577f5,20490bf713747739c3b7967f6ed731534798c9b1c0578b71e1a55222ae8577f5,True
quotecore-plus/supabase/migrations/20260628170000_order_lines_fixed_qty_display.sql,9d81970dddcebbd2ba282167a5fd760cd8a772382efd72b06118c0f02d914fb5,9d81970dddcebbd2ba282167a5fd760cd8a772382efd72b06118c0f02d914fb5,True
quotecore-plus/supabase/migrations/20260629110000_fix_quote_components_rls_leak.sql,260b23d97897733bca608c13235bcc4e0072537ad3c7512a2102fb1609eec2cb,260b23d97897733bca608c13235bcc4e0072537ad3c7512a2102fb1609eec2cb,True
quotecore-plus/supabase/migrations/20260630163000_admin_user_management.sql,2d2ee63def533414d299bed6036a5e4e0d851d428a201d8a8e4a1c8cee8263c6,2d2ee63def533414d299bed6036a5e4e0d851d428a201d8a8e4a1c8cee8263c6,True
quotecore-plus/supabase/migrations/20260701120000_admin_expansion.sql,72659d525dd63a3b4323374336787f18828e3bc68e6fd5a8448902771e0e54e1,72659d525dd63a3b4323374336787f18828e3bc68e6fd5a8448902771e0e54e1,True
quotecore-plus/supabase/migrations/20260701130000_impersonation_refresh_token.sql,eef6073df825e5b55053422fad72d42c4711131305a58a6466acc68fc016acbb,eef6073df825e5b55053422fad72d42c4711131305a58a6466acc68fc016acbb,True
quotecore-plus/supabase/migrations/20260702120000_fable5_indexes.sql,bad66f2ae54791dbf4d6e480f27a0e39ae80514bdf8215f1ce9e4f61b00eb2e0,bad66f2ae54791dbf4d6e480f27a0e39ae80514bdf8215f1ce9e4f61b00eb2e0,True
quotecore-plus/supabase/migrations/20260704120000_takeoff_area_scoping.sql,20a6b2d015c67ef7b5f8878774ead9421e4e3f75e2766b3c5f0e58929901c7e8,20a6b2d015c67ef7b5f8878774ead9421e4e3f75e2766b3c5f0e58929901c7e8,True
quotecore-plus/supabase/migrations/20260704130000_takeoff_area_submeasurements.sql,3ab6fab32effd9d77d245456217a78d5355ec482f2be3204c3eba7c41dfe5584,3ab6fab32effd9d77d245456217a78d5355ec482f2be3204c3eba7c41dfe5584,True
quotecore-plus/supabase/migrations/20260704160000_fix_takeoff_area_entries.sql,b66e0fbb1981f54c1d7d500002e37bee950fdecfe2abd861ea8030c7cccc5b97,b66e0fbb1981f54c1d7d500002e37bee950fdecfe2abd861ea8030c7cccc5b97,True
quotecore-plus/supabase/migrations/20260704200000_guard_measurement_value.sql,df6d6aed2877f06c8af36eaa5d9cc7f54e939136a6416ea9a3846f9b3e09676c,df6d6aed2877f06c8af36eaa5d9cc7f54e939136a6416ea9a3846f9b3e09676c,True
quotecore-plus/supabase/migrations/20260705120000_page_scoped_area_entries.sql,06af2caaba6790f9e495f2561c6541302f9f8d5f0c4f1e0f4bf35192fb7f2401,06af2caaba6790f9e495f2561c6541302f9f8d5f0c4f1e0f4bf35192fb7f2401,True
quotecore-plus/supabase/migrations/20260705160000_per_area_quote_components.sql,aac479f5985f0392c8ded61684971037d4f37f73564d7040c036ba036c788587,aac479f5985f0392c8ded61684971037d4f37f73564d7040c036ba036c788587,True
quotecore-plus/supabase/migrations/20260705170000_drafts_dont_count_quotas.sql,38cc440661f3faa06ca0a91b04891881177e250d943dad54c8d2d67acd188011,38cc440661f3faa06ca0a91b04891881177e250d943dad54c8d2d67acd188011,True
quotecore-plus/supabase/migrations/20260705180000_soft_validate_area_ids.sql,109b38b96de869b144c2c59ef46fa71b04953f0eac457decf339a9c2ef00b3ec,109b38b96de869b144c2c59ef46fa71b04953f0eac457decf339a9c2ef00b3ec,True
quotecore-plus/supabase/migrations/20260705190000_fix_rpc_columns_and_soft_validation.sql,841b8b853b7d5157816176d75208fa7509fcafb9b20f82dc970ada57fcdeb0a7,841b8b853b7d5157816176d75208fa7509fcafb9b20f82dc970ada57fcdeb0a7,True
quotecore-plus/supabase/migrations/20260705200000_fix_duplicate_area_entries.sql,8601364e4603b30303636b4449986d29b6327ce3132a27c587617b1a9c6b4883,8601364e4603b30303636b4449986d29b6327ce3132a27c587617b1a9c6b4883,True
quotecore-plus/supabase/migrations/20260705210000_fix_component_area_routing.sql,f445379e397188db0e5af10276f89c234f3cf2effce2c83c30ef93548368ca14,f445379e397188db0e5af10276f89c234f3cf2effce2c83c30ef93548368ca14,True
quotecore-plus/supabase/migrations/20260705220000_multipage_entry_scoping.sql,41ae9b55b3a94e89715667430e09abe8f4119e107c2aa2abfad5e6f7bae71493,41ae9b55b3a94e89715667430e09abe8f4119e107c2aa2abfad5e6f7bae71493,True
quotecore-plus/supabase/migrations/20260705230000_rpc_v5_area_scoped_measurement_delete.sql,3a89387ce3ddceb6d28847d43acd85dfffba5a908babb29e027a7ee891f7ff62,3a89387ce3ddceb6d28847d43acd85dfffba5a908babb29e027a7ee891f7ff62,True
quotecore-plus/supabase/migrations/20260706120000_per_entry_pitch.sql,861dcb7f68589a8bd666545bfd7e316261463e90f1f3eb818735e82919ba0448,861dcb7f68589a8bd666545bfd7e316261463e90f1f3eb818735e82919ba0448,True
quotecore-plus/supabase/migrations/20260706130000_rpc_v6_per_entry_pitch.sql,c3ad61499fdb2fd44466331e779ce402d4f7c8dbdd57665148ce6cb9b023734d,c3ad61499fdb2fd44466331e779ce402d4f7c8dbdd57665148ce6cb9b023734d,True
quotecore-plus/supabase/migrations/20260707120000.sql,fa187cf353b583cab01681f49e62345615de1d4bb720bb98fc3c4ec5800f31f4,fa187cf353b583cab01681f49e62345615de1d4bb720bb98fc3c4ec5800f31f4,True
quotecore-plus/supabase/migrations/20260707170000_add_calc_audit.sql,4832dac580775176dbf35fd9b35d5f97e515ab591571624c32af9a1cf297246c,4832dac580775176dbf35fd9b35d5f97e515ab591571624c32af9a1cf297246c,True
quotecore-plus/supabase/migrations/20260707200000_expand_roofing_whitelist.sql,c9443f323028c74f1808bdda43c734d137d7c837fafbe14880cba3b7a7eda307,c9443f323028c74f1808bdda43c734d137d7c837fafbe14880cba3b7a7eda307,True
quotecore-plus/supabase/migrations/20260708120000_rpc_v7_component_pitch.sql,80e0441e075f6413723646bd24770654f42cb27a7cd547e0e0f20229254a56e1,80e0441e075f6413723646bd24770654f42cb27a7cd547e0e0f20229254a56e1,True
quotecore-plus/supabase/migrations/20260708160000_rpc_v8_entry_inputs.sql,57571eed46ea192c83e71b8988d0a3c1970112eb953a4879ca038b077843cb47,57571eed46ea192c83e71b8988d0a3c1970112eb953a4879ca038b077843cb47,True
quotecore-plus/supabase/migrations/20260712160000_quota_offsets.sql,420297bdcc6af62b234d57542b646370329e32eff6e3133df363fb8b497f36ed,420297bdcc6af62b234d57542b646370329e32eff6e3133df363fb8b497f36ed,True
quotecore-plus/supabase/migrations/20260714120000_auth_user_has_password.sql,20dee58afe68eb61beb4369d279776d6f6144a817b5a039c8b89d8024e93c684,20dee58afe68eb61beb4369d279776d6f6144a817b5a039c8b89d8024e93c684,True
quotecore-plus/supabase/migrations/20260714180000_fix_quote_usage_trigger_on_company_delete.sql,3c41b91ce5555b1e12a52c7fd995312909c2b9c6449cf2a2b0a33905727552d3,3c41b91ce5555b1e12a52c7fd995312909c2b9c6449cf2a2b0a33905727552d3,True
quotecore-plus/supabase/migrations/20260715120000_free_document_drafts.sql,28b4d1fa7d496a531ae1dcfbeedb5879969ae737f5bf890a656150cc50d4e71c,28b4d1fa7d496a531ae1dcfbeedb5879969ae737f5bf890a656150cc50d4e71c,True
quotecore-plus/supabase/migrations/20260716160000_free_tool_usage.sql,59d9913b0386c9007bfe6ea354a751b6503b2d4a8ef318ca480d6e1930d6b2cb,59d9913b0386c9007bfe6ea354a751b6503b2d4a8ef318ca480d6e1930d6b2cb,True
quotecore-plus/supabase/migrations/20260717120000_ai_takeoff_system_components.sql,a3ec5615c586415066b5b8ab344c07d019b9d8d460b10a097ee11dc955ef98c5,a3ec5615c586415066b5b8ab344c07d019b9d8d460b10a097ee11dc955ef98c5,True
quotecore-plus/supabase/migrations/20260719120000_add_broken_hip_system_component.sql,2cdb8c5658843923a17c514485b154ab864f3137fdc80bdcaef88c48fb722821,2cdb8c5658843923a17c514485b154ab864f3137fdc80bdcaef88c48fb722821,True
quotecore-plus/supabase/migrations/20260722200000_ai_assist_points_quota.sql,57053acc124b6a6b69a19124ff86e1ef86bd5e742981c5d01013ad2351408927,57053acc124b6a6b69a19124ff86e1ef86bd5e742981c5d01013ad2351408927,True
quotecore-plus/supabase/migrations/20260723100000_ai_parse_quota.sql,9942761fcb1712e95fb749a2901306db3fc8855d2dd183c5ef2f5cb4ea756253,9942761fcb1712e95fb749a2901306db3fc8855d2dd183c5ef2f5cb4ea756253,True
quotecore-plus/supabase/migrations/20260724120000_ai_scan_jobs.sql,761c3842e2330f7497a511be1e8596e7f5c0b06bf8d57dcc3ff42992166dd590,761c3842e2330f7497a511be1e8596e7f5c0b06bf8d57dcc3ff42992166dd590,True
quotecore-plus/supabase/migrations/20260724150000_ai_scan_queue_tracking.sql,345ace31ba42316e22e5cb83055b87e4668a5b92c05021a94728ebc460b16adb,345ace31ba42316e22e5cb83055b87e4668a5b92c05021a94728ebc460b16adb,True
quotecore-plus/supabase/migrations/20260724160000_claim_job_return_created_at.sql,d9be3cd1eb7f1061de1465a15d61b35d8d2ece6116526fe9e86e046a5967e534,d9be3cd1eb7f1061de1465a15d61b35d8d2ece6116526fe9e86e046a5967e534,True
quotecore-plus/supabase/migrations/20260725120000_free_tool_roof_components.sql,b75904b2e34b9f5b7ca9490b82d32a899baf77978f5bb6e1c671a4020ef51490,b75904b2e34b9f5b7ca9490b82d32a899baf77978f5bb6e1c671a4020ef51490,True
quotecore-plus/supabase/migrations/20260726113000_add_underlay_fixings_free_tool_components.sql,9a4afc0928df9c71590a43f6d1877ac74b20dfe07ed983cde6fd6429591b797b,9a4afc0928df9c71590a43f6d1877ac74b20dfe07ed983cde6fd6429591b797b,True
quotecore-plus/supabase/migrations/20260726120000_supplier_profiles.sql,13147f1dc826aa0519955ddab850acc1b7442bc658dd5ac8ff1f690decb9cea0,13147f1dc826aa0519955ddab850acc1b7442bc658dd5ac8ff1f690decb9cea0,True
quotecore-plus/supabase/migrations/20260726130000_extend_component_library_supplier.sql,d8ea090683fc9616fea092cabc40bbf22834f7d5a4cb830b4631353a76e6ac5c,d8ea090683fc9616fea092cabc40bbf22834f7d5a4cb830b4631353a76e6ac5c,True
quotecore-plus/supabase/migrations/20260726140000_extend_component_collections_publication.sql,30e7f6578ddaf2cec49ff12ffc812fa5f7479e6ed1e4e9bf982ebab3db9aa995,30e7f6578ddaf2cec49ff12ffc812fa5f7479e6ed1e4e9bf982ebab3db9aa995,True
quotecore-plus/supabase/migrations/20260726210000_migrate_free_tool_products.sql,61afb1d4eb81dc447eb7bdd675e14b916382f0b399d714d90f6b4db86a262908,61afb1d4eb81dc447eb7bdd675e14b916382f0b399d714d90f6b4db86a262908,True
quotecore-plus/supabase/migrations/20260727120000_supplier_change_notifications.sql,e02542ffa8bf059e35bf480085346fd55aed181b5c9ddde222ccf7e092afafc2,e02542ffa8bf059e35bf480085346fd55aed181b5c9ddde222ccf7e092afafc2,True
quotecore-plus/supabase/migrations/20260727130000_supplier_master_email.sql,088b647e32c16b78b6207e1262e80569cd5aba70e6da9112c8eddbbe6ce3ec76,088b647e32c16b78b6207e1262e80569cd5aba70e6da9112c8eddbbe6ce3ec76,True
quotecore-plus/supabase/migrations/20260727140000_supplier_contact_fields.sql,29a0aee436bdc42e22f7a1c7a3b374c5acf05ca9fa72465b34e7f1151505b118,29a0aee436bdc42e22f7a1c7a3b374c5acf05ca9fa72465b34e7f1151505b118,True
quotecore-plus/supabase/migrations/20260727150000_fix_collections_update_grant.sql,7351818bf34bebbdf384a5d51b432960eb4b7958a4caf63825ca3c8f784effa0,7351818bf34bebbdf384a5d51b432960eb4b7958a4caf63825ca3c8f784effa0,True
quotecore-plus/supabase/migrations/20260727160000_supplier_update_integrity.sql,af64ecfa074fe3d17386070bf6aa8ce07f41c46a1a2b1fe6c09d6cc1cfd5e097,af64ecfa074fe3d17386070bf6aa8ce07f41c46a1a2b1fe6c09d6cc1cfd5e097,True
quotecore-plus/supabase/migrations/20260727161000_rls_published_collections_visible.sql,1f490087af731a5483b625a0def6ffe33accbd53b8523962159138d9b422554b,1f490087af731a5483b625a0def6ffe33accbd53b8523962159138d9b422554b,True
quotecore-plus/supabase/migrations/20260728120000_supplier_allow_custom_pricing.sql,b0644ae6f35e5b2bca913a6c66c448f6ceeff4a5d9fdd92987da9616a7b63944,b0644ae6f35e5b2bca913a6c66c448f6ceeff4a5d9fdd92987da9616a7b63944,True
quotecore-plus/supabase/migrations/20260728160000_supplier_catalogues.sql,7c0c08a3cf727e1bb50ff1f2cadbd65cbe6ab692ceae37a9b426675c8711f921,7c0c08a3cf727e1bb50ff1f2cadbd65cbe6ab692ceae37a9b426675c8711f921,True
quotecore-plus/supabase/migrations/20260728180000_catalog_service_areas.sql,a1854628bc65e7107830bb26c3d3765801506522452c98d96f8adde4eedfb1da,a1854628bc65e7107830bb26c3d3765801506522452c98d96f8adde4eedfb1da,True
quotecore-plus/supabase/migrations/20260728200000_search_supplier_catalog_rows.sql,5a0737d983d7d5fe5841271f6032e39ce1d83def893def173e5075b1337e0658,5a0737d983d7d5fe5841271f6032e39ce1d83def893def173e5075b1337e0658,True
quotecore-plus/supabase/migrations/20260729080000_supabase_lint_fixes.sql,6eafb44539aa7a0e8be4371a7b1e8bf185104e6ba3cee3cb8cc180fa345a03f8,6eafb44539aa7a0e8be4371a7b1e8bf185104e6ba3cee3cb8cc180fa345a03f8,True
quotecore-plus/supabase/migrations/20260730114500_prelaunch_security_hardening.sql,4b51d10d44e46a4d6acc0c8d832a77b327d1e97356f9ee3af253f639f6a5e3ba,4b51d10d44e46a4d6acc0c8d832a77b327d1e97356f9ee3af253f639f6a5e3ba,True
quotecore-plus/supabase/migrations/20260801120000_supplier_pricing_public_fields.sql,9422e1d760cd1bd77e58232ed2dc40ef638980e1d22ac1b4bb1d0163cab43ab8,9422e1d760cd1bd77e58232ed2dc40ef638980e1d22ac1b4bb1d0163cab43ab8,True
quotecore-plus/supabase/migrations/20260801130000_supplier_location_ranking.sql,23d3697debb865985cc5adbfbc699274c03a7d799f110a228dbcbc952793ea45,23d3697debb865985cc5adbfbc699274c03a7d799f110a228dbcbc952793ea45,True
quotecore-plus/supabase/migrations/20260801160000_integration_framework.sql,c0254b245bee6c331638276de643b51a349f7a159cb2e0e76c3f952ab94c9eef,c0254b245bee6c331638276de643b51a349f7a159cb2e0e76c3f952ab94c9eef,True
quotecore-plus/supabase/migrations/20260801170000_add_scope_overrides.sql,683eba770ce8f39c59e044a3e10f8dc8d1c231dc52075a206053a22bf7579f45,683eba770ce8f39c59e044a3e10f8dc8d1c231dc52075a206053a22bf7579f45,True
quotecore-plus/supabase/migrations/20260802130000_prime_roofing_test_supplier.sql,6205e40f7f83cd004f49deba5ed0a4171f7e34a6c9a8255eb8d52cd971c4ffc9,6205e40f7f83cd004f49deba5ed0a4171f7e34a6c9a8255eb8d52cd971c4ffc9,True
quotecore-plus/supabase/migrations/20260802160000_update_free_tool_component_pricing.sql,51863180df58453c90a4aae96935e08508f219c5364c7ce75667ff1362e56d25,51863180df58453c90a4aae96935e08508f219c5364c7ce75667ff1362e56d25,True
quotecore-plus/supabase/migrations/20260803120000_allow_generated_quote_file_types.sql,761630b9c7db4e75691330c9f496b854d160a3050c693c760af3a80c7abebe24,761630b9c7db4e75691330c9f496b854d160a3050c693c760af3a80c7abebe24,True
quotecore-plus/supabase/migrations/20260803130000_supplier_takeoff_library_schema.sql,8f8db0dbabb440c5b2ade9744a77a783ab60da5af52ec666b83f56fe02c9ca2b,8f8db0dbabb440c5b2ade9744a77a783ab60da5af52ec666b83f56fe02c9ca2b,True
quotecore-plus/supabase/migrations/20260803140000_enquiry_files_nullable_enquiry_id.sql,20438a7ce26a2a8cccf93c07cb2f2d847cfb5e6e701a60ce84a403de25ae8c71,20438a7ce26a2a8cccf93c07cb2f2d847cfb5e6e701a60ce84a403de25ae8c71,True
quotecore-plus/supabase/migrations/20260803140000_seed_takeoff_libraries.sql,8720d70dc94b26f6d402fac930b03a8b30c573e6e0bdd037c35991a94286794d,8720d70dc94b26f6d402fac930b03a8b30c573e6e0bdd037c35991a94286794d,True
quotecore-plus/supabase/migrations/20260803160000_fix_prime_roofing_location.sql,241fa9d9da52f330f45f1dfbcf50acf79017d9c015ef98f9fe344dc0b0f6cfb0,241fa9d9da52f330f45f1dfbcf50acf79017d9c015ef98f9fe344dc0b0f6cfb0,True
quotecore-plus/supabase/migrations/20260805100000_supplier_banner_pricelist_assets.sql,c172a4492ead87e9bc8dcd7b851882e10f1d85b65432a6acc198ba13ab7037e5,c172a4492ead87e9bc8dcd7b851882e10f1d85b65432a6acc198ba13ab7037e5,True
quotecore-plus/supabase/migrations/20260805120000_supplier_profiles_rls_update.sql,e64ab68dfaba508e5fc1dd931d196c2e3674083c742a2561e6050f8b257a058b,e64ab68dfaba508e5fc1dd931d196c2e3674083c742a2561e6050f8b257a058b,True
quotecore-plus/supabase/migrations/20260805160000_supplier_read_tax_fields.sql,790cf5827fd167e3ce24b40160aa8bf129e655efd69a33e7253540d80da85970,790cf5827fd167e3ce24b40160aa8bf129e655efd69a33e7253540d80da85970,True
quotecore-plus/supabase/migrations/20260805170000_supplier_geo_seo_fields.sql,dc341a9a4bb64ad7469fd671d1f0b3c88ef4ef6f23a946224e6ab31c4bc6dd68,dc341a9a4bb64ad7469fd671d1f0b3c88ef4ef6f23a946224e6ab31c4bc6dd68,True
quotecore-plus/supabase/migrations/20260805180000_supplier_read_geo_seo_fields.sql,519d77fa93aaba8f820c2689c2c86126053fa2a9de87930613d56e0e4f30789b,519d77fa93aaba8f820c2689c2c86126053fa2a9de87930613d56e0e4f30789b,True
quotecore-plus/supabase/migrations/20260806130000_create_dummy_suppliers.sql,55094d433d59f5cd35180169004a147996b72ef2a557ac185275cacae74c4077,55094d433d59f5cd35180169004a147996b72ef2a557ac185275cacae74c4077,True
quotecore-plus/supabase/migrations/20260806140000_update_supplier_unit_systems.sql,6c6a95bfaca7d124779cf5d3f6a4e9a1b34de283fdddc0c6f665ffc2e0732f22,6c6a95bfaca7d124779cf5d3f6a4e9a1b34de283fdddc0c6f665ffc2e0732f22,True
quotecore-plus/supabase/migrations/20260806150000_create_supplier_applications.sql,b0cafbc60920762cabadf91a6e08370bf8ed99d55217296a68d96a05d9f0abdb,b0cafbc60920762cabadf91a6e08370bf8ed99d55217296a68d96a05d9f0abdb,True
quotecore-plus/supabase/migrations/20260808120000_supplier_catalogue_metadata.sql,d5323f747943e0f55e12e4336e1d6136017caa1c448c12325b43dc21b586981e,d5323f747943e0f55e12e4336e1d6136017caa1c448c12325b43dc21b586981e,True
quotecore-plus/supabase/migrations/20260808150000_supplier_catalogue_versions.sql,14f777a0372bbc0bba191e27e1d55640f081df473f776eaf511155557e6a113f,14f777a0372bbc0bba191e27e1d55640f081df473f776eaf511155557e6a113f,True
quotecore-plus/supabase/migrations/20260808160000_fix_catalogue_status.sql,7ca4812128da38dafe33a2ccf8490ec3c0bcd6d0a2957cafbc4fdac3ba2ffb7b,7ca4812128da38dafe33a2ccf8490ec3c0bcd6d0a2957cafbc4fdac3ba2ffb7b,True
